date,country,adm,population_E4,n_cum_conf,n_cum_deaths,n_inc_conf,n_inc_sus,n_inc_deaths,n_cum_clin,n_cum_tot,n_inc_clin,n_inc_tot
2020-01-20,China,Beijing,2154,5,,,,,,,,
2020-01-20,China,Guangdong,11346,14,,,,,,,,
2020-01-20,China,Hubei,5917,258,,,,,,,,
2020-01-20,China,Shanghai,2424,1,,,,,,,,
2020-01-21,China,Beijing,2154,5,,,,,,,,
2020-01-21,China,Chongqing,3102,1,,,,,,,,
2020-01-21,China,Guangdong,11346,17,,,,,,,,
2020-01-21,China,Henan,9605,1,,,,,,,,
2020-01-21,China,Hubei,5917,270,,,,,,,,
2020-01-21,China,Hunan,6899,1,,,,,,,,
2020-01-21,China,Jiangxi,4648,2,,,,,,,,
2020-01-21,China,Shandong,10047,1,,,,,,,,
2020-01-21,China,Shanghai,2424,2,,,,,,,,
2020-01-21,China,Sichuan,8341,1,,,,,,,,
2020-01-21,China,Taiwan,2359,1,,,,,,,,
2020-01-21,China,Tianjin,1560,2,,,,,,,,
2020-01-21,China,Yunnan,4830,1,,,,,,,,
2020-01-21,China,Zhejiang,5737,5,,,,,,,,
2020-01-23,China,Beijing,2154,10,,,,,,,,
2020-01-23,China,Chongqing,3102,5,,,,,,,,
2020-01-23,China,Guangdong,11346,26,,,,,,,,
2020-01-23,China,Henan,9605,1,,,,,,,,
2020-01-23,China,Hong Kong SAR,745,1,,,,,,,,
2020-01-23,China,Hubei,5917,375,,,,,,,,
2020-01-23,China,Hunan,6899,1,,,,,,,,
2020-01-23,China,Jiangxi,4648,2,,,,,,,,
2020-01-23,China,Macao SAR,66,1,,,,,,,,
2020-01-23,China,Shandong,10047,1,,,,,,,,
2020-01-23,China,Shanghai,2424,9,,,,,,,,
2020-01-23,China,Sichuan,8341,2,,,,,,,,
2020-01-23,China,Taiwan,2359,1,,,,,,,,
2020-01-23,China,Tianjin,1560,2,,,,,,,,
2020-01-23,China,Yunnan,4830,1,,,,,,,,
2020-01-23,China,Zhejiang,5737,5,,,,,,,,
2020-01-24,China,Beijing,2154,10,,,,,,,,
2020-01-24,China,Chongqing,3102,5,,,,,,,,
2020-01-24,China,Guangdong,11346,32,,,,,,,,
2020-01-24,China,Henan,9605,1,,,,,,,,
2020-01-24,China,Hong Kong SAR,745,2,,,,,,,,
2020-01-24,China,Hubei,5917,375,,,,,,,,
2020-01-24,China,Hunan,6899,1,,,,,,,,
2020-01-24,China,Jiangxi,4648,2,,,,,,,,
2020-01-24,China,Macao SAR,66,2,,,,,,,,
2020-01-24,China,Shandong,10047,1,,,,,,,,
2020-01-24,China,Shanghai,2424,9,,,,,,,,
2020-01-24,China,Sichuan,8341,2,,,,,,,,
2020-01-24,China,Taiwan,2359,1,,,,,,,,
2020-01-24,China,Tianjin,1560,2,,,,,,,,
2020-01-24,China,Yunnan,4830,1,,,,,,,,
2020-01-24,China,Zhejiang,5737,5,,,,,,,,
2020-02-01,China,Anhui,6324,297,,,,,,,,
2020-02-01,China,Beijing,2154,156,,,,,,,,
2020-02-01,China,Chongqing,3102,238,,,,,,,,
2020-02-01,China,Fujian,3941,144,,,,,,,,
2020-02-01,China,Gansu,2637,35,,,,,,,,
2020-02-01,China,Guangdong,11346,520,,,,,,,,
2020-02-01,China,Guangxi,4926,100,,,,,,,,
2020-02-01,China,Guizhou,3600,29,,,,,,,,
2020-02-01,China,Hainan,934,57,,,,,,,,
2020-02-01,China,Hebei,7556,96,,,,,,,,
2020-02-01,China,Heilongjiang,3773,80,,,,,,,,
2020-02-01,China,Henan,9605,422,,,,,,,,
2020-02-01,China,Hong Kong SAR,745,13,,,,,,,,
2020-02-01,China,Hubei,5917,7153,,,,,,,,
2020-02-01,China,Hunan,6899,389,,,,,,,,
2020-02-01,China,Inner Mongolia,2534,23,,,,,,,,
2020-02-01,China,Jiangsu,8051,202,,,,,,,,
2020-02-01,China,Jiangxi,4648,286,,,,,,,,
2020-02-01,China,Jilin,2704,17,,,,,,,,
2020-02-01,China,Liaoning,4359,60,,,,,,,,
2020-02-01,China,Macao SAR,66,7,,,,,,,,
2020-02-01,China,Ningxia,688,26,,,,,,,,
2020-02-01,China,Qinghai,603,8,,,,,,,,
2020-02-01,China,Shaanxi,3864,101,,,,,,,,
2020-02-01,China,Shandong,10047,202,,,,,,,,
2020-02-01,China,Shanghai,2424,153,,,,,,,,
2020-02-01,China,Shanxi,3718,47,,,,,,,,
2020-02-01,China,Sichuan,8341,207,,,,,,,,
2020-02-01,China,Taiwan,2359,10,,,,,,,,
2020-02-01,China,Tianjin,1560,34,,,,,,,,
2020-02-01,China,Xinjiang,2487,18,,,,,,,,
2020-02-01,China,Xizang,344,1,,,,,,,,
2020-02-01,China,Yunnan,4830,91,,,,,,,,
2020-02-01,China,Zhejiang,5737,599,,,,,,,,
2020-02-02,China,Anhui,6324,340,,,,,,,,
2020-02-02,China,Beijing,2154,183,,,,,,,,
2020-02-02,China,Chongqing,3102,262,,,,,,,,
2020-02-02,China,Fujian,3941,159,,,,,,,,
2020-02-02,China,Gansu,2637,45,,,,,,,,
2020-02-02,China,Guangdong,11346,604,,,,,,,,
2020-02-02,China,Guangxi,4926,111,,,,,,,,
2020-02-02,China,Guizhou,3600,38,,,,,,,,
2020-02-02,China,Hainan,934,63,,,,,,,,
2020-02-02,China,Hebei,7556,104,,,,,,,,
2020-02-02,China,Heilongjiang,3773,95,,,,,,,,
2020-02-02,China,Henan,9605,493,,,,,,,,
2020-02-02,China,Hong Kong SAR,745,14,,,,,,,,
2020-02-02,China,Hubei,5917,9074,,,,,,,,
2020-02-02,China,Hunan,6899,463,,,,,,,,
2020-02-02,China,Inner Mongolia,2534,26,,,,,,,,
2020-02-02,China,Jiangsu,8051,231,,,,,,,,
2020-02-02,China,Jiangxi,4648,333,,,,,,,,
2020-02-02,China,Jilin,2704,21,,,,,,,,
2020-02-02,China,Liaoning,4359,64,,,,,,,,
2020-02-02,China,Macao SAR,66,7,,,,,,,,
2020-02-02,China,Ningxia,688,28,,,,,,,,
2020-02-02,China,Qinghai,603,9,,,,,,,,
2020-02-02,China,Shaanxi,3864,116,,,,,,,,
2020-02-02,China,Shandong,10047,225,,,,,,,,
2020-02-02,China,Shanghai,2424,177,,,,,,,,
2020-02-02,China,Shanxi,3718,56,,,,,,,,
2020-02-02,China,Sichuan,8341,236,,,,,,,,
2020-02-02,China,Taiwan,2359,10,,,,,,,,
2020-02-02,China,Tianjin,1560,40,,,,,,,,
2020-02-02,China,Xinjiang,2487,23,,,,,,,,
2020-02-02,China,Xizang,344,1,,,,,,,,
2020-02-02,China,Yunnan,4830,99,,,,,,,,
2020-02-02,China,Zhejiang,5737,661,,,,,,,,
2020-02-03,China,Anhui,6324,408,,,,,,,,
2020-02-03,China,Beijing,2154,212,,,,,,,,
2020-02-03,China,Chongqing,3102,300,,,,,,,,
2020-02-03,China,Fujian,3941,179,,,,,,,,
2020-02-03,China,Gansu,2637,51,,,,,,,,
2020-02-03,China,Guangdong,11346,683,,,,,,,,
2020-02-03,China,Guangxi,4926,127,,,,,,,,
2020-02-03,China,Guizhou,3600,46,,,,,,,,
2020-02-03,China,Hainan,934,70,,,,,,,,
2020-02-03,China,Hebei,7556,113,,,,,,,,
2020-02-03,China,Heilongjiang,3773,118,,,,,,,,
2020-02-03,China,Henan,9605,566,,,,,,,,
2020-02-03,China,Hong Kong SAR,745,15,,,,,,,,
2020-02-03,China,Hubei,5917,11177,,,,,,,,
2020-02-03,China,Hunan,6899,521,,,,,,,,
2020-02-03,China,Inner Mongolia,2534,33,,,,,,,,
2020-02-03,China,Jiangsu,8051,271,,,,,,,,
2020-02-03,China,Jiangxi,4648,391,,,,,,,,
2020-02-03,China,Jilin,2704,31,,,,,,,,
2020-02-03,China,Liaoning,4359,70,,,,,,,,
2020-02-03,China,Macao SAR,66,8,,,,,,,,
2020-02-03,China,Ningxia,688,31,,,,,,,,
2020-02-03,China,Qinghai,603,13,,,,,,,,
2020-02-03,China,Shaanxi,3864,128,,,,,,,,
2020-02-03,China,Shandong,10047,246,,,,,,,,
2020-02-03,China,Shanghai,2424,193,,,,,,,,
2020-02-03,China,Shanxi,3718,66,,,,,,,,
2020-02-03,China,Sichuan,8341,254,,,,,,,,
2020-02-03,China,Taiwan,2359,10,,,,,,,,
2020-02-03,China,Tianjin,1560,49,,,,,,,,
2020-02-03,China,Xinjiang,2487,24,,,,,,,,
2020-02-03,China,Xizang,344,1,,,,,,,,
2020-02-03,China,Yunnan,4830,109,,,,,,,,
2020-02-03,China,Zhejiang,5737,724,,,,,,,,
2020-02-04,China,Anhui,6324,480,,,,,,,,
2020-02-04,China,Beijing,2154,228,,,,,,,,
2020-02-04,China,Chongqing,3102,337,,,,,,,,
2020-02-04,China,Fujian,3941,194,,,,,,,,
2020-02-04,China,Gansu,2637,56,,,,,,,,
2020-02-04,China,Guangdong,11346,797,,,,,,,,
2020-02-04,China,Guangxi,4926,139,,,,,,,,
2020-02-04,China,Guizhou,3600,56,,,,,,,,
2020-02-04,China,Hainan,934,79,,,,,,,,
2020-02-04,China,Hebei,7556,126,,,,,,,,
2020-02-04,China,Heilongjiang,3773,155,,,,,,,,
2020-02-04,China,Henan,9605,675,,,,,,,,
2020-02-04,China,Hong Kong SAR,745,15,,,,,,,,
2020-02-04,China,Hubei,5917,13522,,,,,,,,
2020-02-04,China,Hunan,6899,593,,,,,,,,
2020-02-04,China,Inner Mongolia,2534,37,,,,,,,,
2020-02-04,China,Jiangsu,8051,308,,,,,,,,
2020-02-04,China,Jiangxi,4648,476,,,,,,,,
2020-02-04,China,Jilin,2704,42,,,,,,,,
2020-02-04,China,Liaoning,4359,74,,,,,,,,
2020-02-04,China,Macao SAR,66,8,,,,,,,,
2020-02-04,China,Ningxia,688,34,,,,,,,,
2020-02-04,China,Qinghai,603,15,,,,,,,,
2020-02-04,China,Shaanxi,3864,142,,,,,,,,
2020-02-04,China,Shandong,10047,270,,,,,,,,
2020-02-04,China,Shanghai,2424,208,,,,,,,,
2020-02-04,China,Shanxi,3718,74,,,,,,,,
2020-02-04,China,Sichuan,8341,282,,,,,,,,
2020-02-04,China,Taiwan,2359,10,,,,,,,,
2020-02-04,China,Tianjin,1560,63,,,,,,,,
2020-02-04,China,Xinjiang,2487,29,,,,,,,,
2020-02-04,China,Xizang,344,1,,,,,,,,
2020-02-04,China,Yunnan,4830,117,,,,,,,,
2020-02-04,China,Zhejiang,5737,829,,,,,,,,
2020-02-05,China,Anhui,6324,530,,,,,,,,
2020-02-05,China,Beijing,2154,253,,,,,,,,
2020-02-05,China,Chongqing,3102,366,,,,,,,,
2020-02-05,China,Fujian,3941,205,,,,,,,,
2020-02-05,China,Gansu,2637,57,,,,,,,,
2020-02-05,China,Guangdong,11346,870,,,,,,,,
2020-02-05,China,Guangxi,4926,150,,,,,,,,
2020-02-05,China,Guizhou,3600,64,,,,,,,,
2020-02-05,China,Hainan,934,89,,,,,,,,
2020-02-05,China,Hebei,7556,135,,,,,,,,
2020-02-05,China,Heilongjiang,3773,190,,,,,,,,
2020-02-05,China,Henan,9605,764,,,,,,,,
2020-02-05,China,Hong Kong SAR,745,18,,,,,,,,
2020-02-05,China,Hubei,5917,16678,,,,,,,,
2020-02-05,China,Hunan,6899,661,,,,,,,,
2020-02-05,China,Inner Mongolia,2534,42,,,,,,,,
2020-02-05,China,Jiangsu,8051,341,,,,,,,,
2020-02-05,China,Jiangxi,4648,548,,,,,,,,
2020-02-05,China,Jilin,2704,54,,,,,,,,
2020-02-05,China,Liaoning,4359,81,,,,,,,,
2020-02-05,China,Macao SAR,66,10,,,,,,,,
2020-02-05,China,Ningxia,688,34,,,,,,,,
2020-02-05,China,Qinghai,603,17,,,,,,,,
2020-02-05,China,Shaanxi,3864,165,,,,,,,,
2020-02-05,China,Shandong,10047,298,,,,,,,,
2020-02-05,China,Shanghai,2424,233,,,,,,,,
2020-02-05,China,Shanxi,3718,81,,,,,,,,
2020-02-05,China,Sichuan,8341,301,,,,,,,,
2020-02-05,China,Taiwan,2359,11,,,,,,,,
2020-02-05,China,Tianjin,1560,67,,,,,,,,
2020-02-05,China,Xinjiang,2487,32,,,,,,,,
2020-02-05,China,Yunnan,4830,122,,,,,,,,
2020-02-05,China,Zhejiang,5737,895,,,,,,,,
2020-02-06,China,Anhui,6324,591,,,,,,,,
2020-02-06,China,Beijing,2154,274,,,,,,,,
2020-02-06,China,Chongqing,3102,389,,,,,,,,
2020-02-06,China,Fujian,3941,215,,,,,,,,
2020-02-06,China,Gansu,2637,62,,,,,,,,
2020-02-06,China,Guangdong,11346,944,,,,,,,,
2020-02-06,China,Guangxi,4926,168,,,,,,,,
2020-02-06,China,Guizhou,3600,69,,,,,,,,
2020-02-06,China,Hainan,934,100,,,,,,,,
2020-02-06,China,Hebei,7556,157,,,,,,,,
2020-02-06,China,Heilongjiang,3773,227,,,,,,,,
2020-02-06,China,Henan,9605,851,,,,,,,,
2020-02-06,China,Hong Kong SAR,745,21,,,,,,,,
2020-02-06,China,Hubei,5917,19665,,,,,,,,
2020-02-06,China,Hunan,6899,711,,,,,,,,
2020-02-06,China,Inner Mongolia,2534,46,,,,,,,,
2020-02-06,China,Jiangsu,8051,373,,,,,,,,
2020-02-06,China,Jiangxi,4648,600,,,,,,,,
2020-02-06,China,Jilin,2704,59,,,,,,,,
2020-02-06,China,Liaoning,4359,89,,,,,,,,
2020-02-06,China,Macao SAR,66,10,,,,,,,,
2020-02-06,China,Ningxia,688,40,,,,,,,,
2020-02-06,China,Qinghai,603,18,,,,,,,,
2020-02-06,China,Shaanxi,3864,173,,,,,,,,
2020-02-06,China,Shandong,10047,343,,,,,,,,
2020-02-06,China,Shanghai,2424,254,,,,,,,,
2020-02-06,China,Shanxi,3718,90,,,,,,,,
2020-02-06,China,Sichuan,8341,321,,,,,,,,
2020-02-06,China,Taiwan,2359,11,,,,,,,,
2020-02-06,China,Tianjin,1560,70,,,,,,,,
2020-02-06,China,Xinjiang,2487,36,,,,,,,,
2020-02-06,China,Xizang,344,1,,,,,,,,
2020-02-06,China,Yunnan,4830,128,,,,,,,,
2020-02-06,China,Zhejiang,5737,954,,,,,,,,
2020-02-07,China,Anhui,6324,665,,,,,,,,
2020-02-07,China,Beijing,2154,297,,,,,,,,
2020-02-07,China,Chongqing,3102,411,,,,,,,,
2020-02-07,China,Fujian,3941,224,,,,,,,,
2020-02-07,China,Gansu,2637,70,,,,,,,,
2020-02-07,China,Guangdong,11346,1018,,,,,,,,
2020-02-07,China,Guangxi,4926,172,,,,,,,,
2020-02-07,China,Guizhou,3600,77,,,,,,,,
2020-02-07,China,Hainan,934,111,,,,,,,,
2020-02-07,China,Hebei,7556,171,,,,,,,,
2020-02-07,China,Heilongjiang,3773,277,,,,,,,,
2020-02-07,China,Henan,9605,914,,,,,,,,
2020-02-07,China,Hong Kong SAR,745,24,,,,,,,,
2020-02-07,China,Hubei,5917,22112,,,,,,,,
2020-02-07,China,Hunan,6899,772,,,,,,,,
2020-02-07,China,Inner Mongolia,2534,49,,,,,,,,
2020-02-07,China,Jiangsu,8051,408,,,,,,,,
2020-02-07,China,Jiangxi,4648,661,,,,,,,,
2020-02-07,China,Jilin,2704,65,,,,,,,,
2020-02-07,China,Liaoning,4359,94,,,,,,,,
2020-02-07,China,Macao SAR,66,10,,,,,,,,
2020-02-07,China,Ningxia,688,43,,,,,,,,
2020-02-07,China,Qinghai,603,18,,,,,,,,
2020-02-07,China,Shaanxi,3864,184,,,,,,,,
2020-02-07,China,Shandong,10047,379,,,,,,,,
2020-02-07,China,Shanghai,2424,269,,,,,,,,
2020-02-07,China,Shanxi,3718,96,,,,,,,,
2020-02-07,China,Sichuan,8341,344,,,,,,,,
2020-02-07,China,Taiwan,2359,16,,,,,,,,
2020-02-07,China,Tianjin,1560,79,,,,,,,,
2020-02-07,China,Xinjiang,2487,39,,,,,,,,
2020-02-07,China,Xizang,344,1,,,,,,,,
2020-02-07,China,Yunnan,4830,135,,,,,,,,
2020-02-07,China,Zhejiang,5737,1006,,,,,,,,
2020-02-08,China,Anhui,6324,733,,,,,,,,
2020-02-08,China,Beijing,2154,315,,,,,,,,
2020-02-08,China,Chongqing,3102,426,,,,,,,,
2020-02-08,China,Fujian,3941,239,,,,,,,,
2020-02-08,China,Gansu,2637,71,,,,,,,,
2020-02-08,China,Guangdong,11346,1075,,,,,,,,
2020-02-08,China,Guangxi,4926,183,,,,,,,,
2020-02-08,China,Guizhou,3600,89,,,,,,,,
2020-02-08,China,Hainan,934,123,,,,,,,,
2020-02-08,China,Hebei,7556,195,,,,,,,,
2020-02-08,China,Heilongjiang,3773,282,,,,,,,,
2020-02-08,China,Henan,9605,981,,,,,,,,
2020-02-08,China,Hong Kong SAR,745,26,,,,,,,,
2020-02-08,China,Hubei,5917,24953,,,,,,,,
2020-02-08,China,Hunan,6899,803,,,,,,,,
2020-02-08,China,Inner Mongolia,2534,50,,,,,,,,
2020-02-08,China,Jiangsu,8051,439,,,,,,,,
2020-02-08,China,Jiangxi,4648,698,,,,,,,,
2020-02-08,China,Jilin,2704,69,,,,,,,,
2020-02-08,China,Liaoning,4359,99,,,,,,,,
2020-02-08,China,Macao SAR,66,10,,,,,,,,
2020-02-08,China,Ningxia,688,45,,,,,,,,
2020-02-08,China,Qinghai,603,18,,,,,,,,
2020-02-08,China,Shaanxi,3864,195,,,,,,,,
2020-02-08,China,Shandong,10047,407,,,,,,,,
2020-02-08,China,Shanghai,2424,281,,,,,,,,
2020-02-08,China,Shanxi,3718,104,,,,,,,,
2020-02-08,China,Sichuan,8341,363,,,,,,,,
2020-02-08,China,Taiwan,2359,16,,,,,,,,
2020-02-08,China,Tianjin,1560,81,,,,,,,,
2020-02-08,China,Xinjiang,2487,42,,,,,,,,
2020-02-08,China,Xizang,344,1,,,,,,,,
2020-02-08,China,Yunnan,4830,138,,,,,,,,
2020-02-08,China,Zhejiang,5737,1048,,,,,,,,
2020-02-09,China,Anhui,6324,779,,,,,,,,
2020-02-09,China,Beijing,2154,326,,,,,,,,
2020-02-09,China,Chongqing,3102,446,,,,,,,,
2020-02-09,China,Fujian,3941,250,,,,,,,,
2020-02-09,China,Gansu,2637,81,,,,,,,,
2020-02-09,China,Guangdong,11346,1120,,,,,,,,
2020-02-09,China,Guangxi,4926,195,,,,,,,,
2020-02-09,China,Guizhou,3600,96,,,,,,,,
2020-02-09,China,Hainan,934,128,,,,,,,,
2020-02-09,China,Hebei,7556,206,,,,,,,,
2020-02-09,China,Heilongjiang,3773,307,,,,,,,,
2020-02-09,China,Henan,9605,1033,,,,,,,,
2020-02-09,China,Hong Kong SAR,745,26,,,,,,,,
2020-02-09,China,Hubei,5917,27100,,,,,,,,
2020-02-09,China,Hunan,6899,838,,,,,,,,
2020-02-09,China,Inner Mongolia,2534,54,,,,,,,,
2020-02-09,China,Jiangsu,8051,468,,,,,,,,
2020-02-09,China,Jiangxi,4648,740,,,,,,,,
2020-02-09,China,Jilin,2704,78,,,,,,,,
2020-02-09,China,Liaoning,4359,105,,,,,,,,
2020-02-09,China,Macao SAR,66,10,,,,,,,,
2020-02-09,China,Ningxia,688,45,,,,,,,,
2020-02-09,China,Qinghai,603,18,,,,,,,,
2020-02-09,China,Shaanxi,3864,208,,,,,,,,
2020-02-09,China,Shandong,10047,435,,,,,,,,
2020-02-09,China,Shanghai,2424,292,,,,,,,,
2020-02-09,China,Shanxi,3718,115,,,,,,,,
2020-02-09,China,Sichuan,8341,386,,,,,,,,
2020-02-09,China,Taiwan,2359,17,,,,,,,,
2020-02-09,China,Tianjin,1560,88,,,,,,,,
2020-02-09,China,Xinjiang,2487,45,,,,,,,,
2020-02-09,China,Xizang,344,1,,,,,,,,
2020-02-09,China,Yunnan,4830,140,,,,,,,,
2020-02-09,China,Zhejiang,5737,1075,,,,,,,,
2020-02-10,China,Anhui,6324,830,,,,,,,,
2020-02-10,China,Beijing,2154,337,,,,,,,,
2020-02-10,China,Chongqing,3102,468,,,,,,,,
2020-02-10,China,Fujian,3941,261,,,,,,,,
2020-02-10,China,Gansu,2637,85,,,,,,,,
2020-02-10,China,Guangdong,11346,1151,,,,,,,,
2020-02-10,China,Guangxi,4926,210,,,,,,,,
2020-02-10,China,Guizhou,3600,109,,,,,,,,
2020-02-10,China,Hainan,934,136,,,,,,,,
2020-02-10,China,Hebei,7556,218,,,,,,,,
2020-02-10,China,Heilongjiang,3773,331,,,,,,,,
2020-02-10,China,Henan,9605,1073,,,,,,,,
2020-02-10,China,Hong Kong SAR,745,36,,,,,,,,
2020-02-10,China,Hubei,5917,29631,,,,,,,,
2020-02-10,China,Hunan,6899,879,,,,,,,,
2020-02-10,China,Inner Mongolia,2534,58,,,,,,,,
2020-02-10,China,Jiangsu,8051,492,,,,,,,,
2020-02-10,China,Jiangxi,4648,771,,,,,,,,
2020-02-10,China,Jilin,2704,80,,,,,,,,
2020-02-10,China,Liaoning,4359,107,,,,,,,,
2020-02-10,China,Macao SAR,66,10,,,,,,,,
2020-02-10,China,Ningxia,688,49,,,,,,,,
2020-02-10,China,Qinghai,603,18,,,,,,,,
2020-02-10,China,Shaanxi,3864,213,,,,,,,,
2020-02-10,China,Shandong,10047,459,,,,,,,,
2020-02-10,China,Shanghai,2424,295,,,,,,,,
2020-02-10,China,Shanxi,3718,119,,,,,,,,
2020-02-10,China,Sichuan,8341,405,,,,,,,,
2020-02-10,China,Taiwan,2359,18,,,,,,,,
2020-02-10,China,Tianjin,1560,91,,,,,,,,
2020-02-10,China,Xinjiang,2487,49,,,,,,,,
2020-02-10,China,Xizang,344,1,,,,,,,,
2020-02-10,China,Yunnan,4830,141,,,,,,,,
2020-02-10,China,Zhejiang,5737,1104,,,,,,,,
2020-02-11,China,Anhui,6324,860,,,,,,,,
2020-02-11,China,Beijing,2154,342,,,,,,,,
2020-02-11,China,Chongqing,3102,486,,,,,,,,
2020-02-11,China,Fujian,3941,267,,,,,,,,
2020-02-11,China,Gansu,2637,86,,,,,,,,
2020-02-11,China,Guangdong,11346,1177,,,,,,,,
2020-02-11,China,Guangxi,4926,215,,,,,,,,
2020-02-11,China,Guizhou,3600,118,,,,,,,,
2020-02-11,China,Hainan,934,142,,,,,,,,
2020-02-11,China,Hebei,7556,239,,,,,,,,
2020-02-11,China,Heilongjiang,3773,360,,,,,,,,
2020-02-11,China,Henan,9605,1105,,,,,,,,
2020-02-11,China,Hong Kong SAR,745,42,,,,,,,,
2020-02-11,China,Hubei,5917,31728,,,,,,,,
2020-02-11,China,Hunan,6899,912,,,,,,,,
2020-02-11,China,Inner Mongolia,2534,58,,,,,,,,
2020-02-11,China,Jiangsu,8051,515,,,,,,,,
2020-02-11,China,Jiangxi,4648,804,,,,,,,,
2020-02-11,China,Jilin,2704,81,,,,,,,,
2020-02-11,China,Liaoning,4359,108,,,,,,,,
2020-02-11,China,Macao SAR,66,10,,,,,,,,
2020-02-11,China,Ningxia,688,53,,,,,,,,
2020-02-11,China,Qinghai,603,18,,,,,,,,
2020-02-11,China,Shaanxi,3864,219,,,,,,,,
2020-02-11,China,Shandong,10047,486,,,,,,,,
2020-02-11,China,Shanghai,2424,302,,,,,,,,
2020-02-11,China,Shanxi,3718,122,,,,,,,,
2020-02-11,China,Sichuan,8341,417,,,,,,,,
2020-02-11,China,Taiwan,2359,18,,,,,,,,
2020-02-11,China,Tianjin,1560,96,,,,,,,,
2020-02-11,China,Xinjiang,2487,55,,,,,,,,
2020-02-11,China,Xizang,344,1,,,,,,,,
2020-02-11,China,Yunnan,4830,149,,,,,,,,
2020-02-11,China,Zhejiang,5737,1117,,,,,,,,
2020-02-12,China,Anhui,6324,889,,,,,,,,
2020-02-12,China,Beijing,2154,352,,,,,,,,
2020-02-12,China,Chongqing,3102,505,,,,,,,,
2020-02-12,China,Fujian,3941,272,,,,,,,,
2020-02-12,China,Gansu,2637,86,,,,,,,,
2020-02-12,China,Guangdong,11346,1219,,,,,,,,
2020-02-12,China,Guangxi,4926,222,,,,,,,,
2020-02-12,China,Guizhou,3600,131,,,,,,,,
2020-02-12,China,Hainan,934,145,,,,,,,,
2020-02-12,China,Hebei,7556,251,,,,,,,,
2020-02-12,China,Heilongjiang,3773,378,,,,,,,,
2020-02-12,China,Henan,9605,1135,,,,,,,,
2020-02-12,China,Hong Kong SAR,745,49,,,,,,,,
2020-02-12,China,Hubei,5917,33366,,,,,,,,
2020-02-12,China,Hunan,6899,946,,,,,,,,
2020-02-12,China,Inner Mongolia,2534,60,,,,,,,,
2020-02-12,China,Jiangsu,8051,543,,,,,,,,
2020-02-12,China,Jiangxi,4648,844,,,,,,,,
2020-02-12,China,Jilin,2704,83,,,,,,,,
2020-02-12,China,Liaoning,4359,111,,,,,,,,
2020-02-12,China,Macao SAR,66,10,,,,,,,,
2020-02-12,China,Ningxia,688,58,,,,,,,,
2020-02-12,China,Qinghai,603,18,,,,,,,,
2020-02-12,China,Shaanxi,3864,225,,,,,,,,
2020-02-12,China,Shandong,10047,497,,,,,,,,
2020-02-12,China,Shanghai,2424,306,,,,,,,,
2020-02-12,China,Shanxi,3718,124,,,,,,,,
2020-02-12,China,Sichuan,8341,436,,,,,,,,
2020-02-12,China,Taiwan,2359,18,,,,,,,,
2020-02-12,China,Tianjin,1560,106,,,,,,,,
2020-02-12,China,Xinjiang,2487,59,,,,,,,,
2020-02-12,China,Xizang,344,1,,,,,,,,
2020-02-12,China,Yunnan,4830,154,,,,,,,,
2020-02-12,China,Zhejiang,5737,1131,,,,,,,,
2020-02-13,China,Anhui,6324,910,,,,,,,,
2020-02-13,China,Beijing,2154,366,,,,,,,,
2020-02-13,China,Chongqing,3102,518,,,,,,,,
2020-02-13,China,Fujian,3941,279,,,,,,,,
2020-02-13,China,Gansu,2637,87,,,,,,,,
2020-02-13,China,Guangdong,11346,1241,,,,,,,,
2020-02-13,China,Guangxi,4926,222,,,,,,,,
2020-02-13,China,Guizhou,3600,135,,,,,,,,
2020-02-13,China,Hainan,934,157,,,,,,,,
2020-02-13,China,Hebei,7556,265,,,,,,,,
2020-02-13,China,Heilongjiang,3773,395,,,,,,,,
2020-02-13,China,Henan,9605,1169,,,,,,,,
2020-02-13,China,Hong Kong SAR,745,50,,,,,,,,
2020-02-13,China,Hubei,5917,34874,,,,,,,,
2020-02-13,China,Hunan,6899,968,,,,,,,,
2020-02-13,China,Inner Mongolia,2534,61,,,,,,,,
2020-02-13,China,Jiangsu,8051,570,,,,,,,,
2020-02-13,China,Jiangxi,4648,872,,,,,,,,
2020-02-13,China,Jilin,2704,84,,,,,,,,
2020-02-13,China,Liaoning,4359,116,,,,,,,,
2020-02-13,China,Macao SAR,66,10,,,,,,,,
2020-02-13,China,Ningxia,688,64,,,,,,,,
2020-02-13,China,Qinghai,603,18,,,,,,,,
2020-02-13,China,Shaanxi,3864,229,,,,,,,,
2020-02-13,China,Shandong,10047,506,,,,,,,,
2020-02-13,China,Shanghai,2424,313,,,,,,,,
2020-02-13,China,Shanxi,3718,126,,,,,,,,
2020-02-13,China,Sichuan,8341,451,,,,,,,,
2020-02-13,China,Taiwan,2359,18,,,,,,,,
2020-02-13,China,Tianjin,1560,112,,,,,,,,
2020-02-13,China,Xinjiang,2487,63,,,,,,,,
2020-02-13,China,Xizang,344,1,,,,,,,,
2020-02-13,China,Yunnan,4830,155,,,,,,,,
2020-02-13,China,Zhejiang,5737,1145,,,,,,,,
2020-02-14,China,Anhui,6324,934,6,24,16,1,,934,,24
2020-02-14,China,Beijing,2154,372,3,6,54,0,,372,,6
2020-02-14,China,Chongqing,3102,529,4,11,138,1,,529,,11
2020-02-14,China,Fujian,3941,281,0,2,23,0,,281,,2
2020-02-14,China,Gansu,2637,90,2,3,0,0,,90,,3
2020-02-14,China,Guangdong,11346,1261,2,20,8,0,,1261,,20
2020-02-14,China,Guangxi,4926,226,2,4,79,0,,226,,4
2020-02-14,China,Guizhou,3600,140,1,5,16,0,,140,,5
2020-02-14,China,Hainan,934,157,4,0,32,0,,157,,0
2020-02-14,China,Hebei,7556,283,3,18,12,0,,283,,18
2020-02-14,China,Heilongjiang,3773,418,11,23,35,2,,418,,23
2020-02-14,China,Henan,9605,1184,11,15,207,1,,1184,,15
2020-02-14,China,Hong Kong SAR,745,53,1,3,0,0,,53,,3
2020-02-14,China,Hubei,5917,36602,1318,1728,1154,116,,,3095,4823
2020-02-14,China,Hunan,6899,988,2,20,53,0,,988,,20
2020-02-14,China,Inner Mongolia,2534,63,0,2,1,0,,63,,2
2020-02-14,China,Jiangsu,8051,593,0,23,14,0,,593,,23
2020-02-14,China,Jiangxi,4648,900,1,28,43,0,,900,,28
2020-02-14,China,Jilin,2704,86,1,2,10,0,,86,,2
2020-02-14,China,Liaoning,4359,117,1,1,66,0,,117,,1
2020-02-14,China,Macao SAR,66,10,0,0,0,0,,10,,0
2020-02-14,China,Ningxia,688,67,0,3,5,0,,67,,3
2020-02-14,China,Qinghai,603,18,0,0,0,0,,18,,0
2020-02-14,China,Shaanxi,3864,230,0,1,37,0,,230,,1
2020-02-14,China,Shandong,10047,519,2,13,37,0,,519,,13
2020-02-14,China,Shanghai,2424,318,1,5,81,0,,318,,5
2020-02-14,China,Shanxi,3718,126,0,0,24,0,,126,,0
2020-02-14,China,Sichuan,8341,463,1,12,77,0,,463,,12
2020-02-14,China,Taiwan,2359,18,0,0,0,0,,18,,0
2020-02-14,China,Tianjin,1560,119,3,7,172,0,,119,,7
2020-02-14,China,Xinjiang,2487,65,1,2,5,0,,65,,2
2020-02-14,China,Xizang,344,1,0,0,0,0,,1,,0
2020-02-14,China,Yunnan,4830,162,0,7,29,0,,162,,7
2020-02-14,China,Zhejiang,5737,1155,0,10,22,0,,1155,,10
2020-02-15,China,Anhui,6324,950,6,16,13,0,,950,,16
2020-02-15,China,Beijing,2154,375,4,3,51,1,,375,,3
2020-02-15,China,Chongqing,3102,537,5,8,98,1,,537,,8
2020-02-15,China,Fujian,3941,285,0,4,6,0,,285,,4
2020-02-15,China,Gansu,2637,90,2,0,4,0,,90,,0
2020-02-15,China,Guangdong,11346,1294,2,33,9,0,,1294,,33
2020-02-15,China,Guangxi,4926,235,2,9,44,0,,235,,9
2020-02-15,China,Guizhou,3600,143,1,3,4,0,,143,,3
2020-02-15,China,Hainan,934,162,4,5,36,0,,162,,5
2020-02-15,China,Hebei,7556,291,3,8,8,0,,291,,8
2020-02-15,China,Heilongjiang,3773,425,11,7,48,0,,425,,7
2020-02-15,China,Henan,9605,1212,13,28,153,2,,1212,,28
2020-02-15,China,Hong Kong SAR,745,56,1,3,0,0,,56,,3
2020-02-15,China,Hubei,5917,37884,1457,1282,1216,139,16522,54406,1138,2420
2020-02-15,China,Hunan,6899,1001,2,13,50,0,,1001,,13
2020-02-15,China,Inner Mongolia,2534,68,0,5,7,0,,68,,5
2020-02-15,China,Jiangsu,8051,604,0,11,3,0,,604,,11
2020-02-15,China,Jiangxi,4648,913,1,13,21,0,,913,,13
2020-02-15,China,Jilin,2704,88,1,2,8,0,,88,,2
2020-02-15,China,Liaoning,4359,119,1,2,66,0,,119,,2
2020-02-15,China,Macao SAR,66,10,0,0,0,0,,10,,0
2020-02-15,China,Ningxia,688,70,0,3,3,0,,70,,3
2020-02-15,China,Qinghai,603,18,0,0,0,0,,18,,0
2020-02-15,China,Shaanxi,3864,232,0,2,37,0,,232,,2
2020-02-15,China,Shandong,10047,530,2,11,27,0,,530,,11
2020-02-15,China,Shanghai,2424,326,1,8,87,0,,326,,8
2020-02-15,China,Shanxi,3718,127,0,1,12,0,,127,,1
2020-02-15,China,Sichuan,8341,470,1,7,72,0,,470,,7
2020-02-15,China,Taiwan,2359,18,0,0,0,0,,18,,0
2020-02-15,China,Tianjin,1560,120,3,1,128,0,,120,,1
2020-02-15,China,Xinjiang,2487,70,1,5,4,0,,70,,5
2020-02-15,China,Xizang,344,1,0,0,0,0,,1,,0
2020-02-15,China,Yunnan,4830,168,0,6,39,0,,168,,6
2020-02-15,China,Zhejiang,5737,1162,0,7,23,0,,1162,,7
2020-02-16,China,Anhui,6324,962,6,12,6,0,,962,,12
2020-02-16,China,Beijing,2154,380,4,5,35,0,,380,,5
2020-02-16,China,Chongqing,3102,544,5,7,75,0,,544,,7
2020-02-16,China,Fujian,3941,287,0,2,2,0,,287,,2
2020-02-16,China,Gansu,2637,90,2,0,1,0,,90,,0
2020-02-16,China,Guangdong,11346,1316,2,22,2,0,,1316,,22
2020-02-16,China,Guangxi,4926,237,2,2,49,0,,237,,2
2020-02-16,China,Guizhou,3600,144,1,1,8,0,,144,,1
2020-02-16,China,Hainan,934,162,4,0,30,0,,162,,0
2020-02-16,China,Hebei,7556,300,3,9,2,0,,300,,9
2020-02-16,China,Heilongjiang,3773,445,11,20,44,0,,445,,20
2020-02-16,China,Henan,9605,1231,13,19,137,0,,1231,,19
2020-02-16,China,Hong Kong SAR,745,56,1,0,0,0,,56,,0
2020-02-16,China,Hubei,5917,38839,1596,955,1036,139,17410,56249,888,1843
2020-02-16,China,Hunan,6899,1004,3,3,36,1,,1004,,3
2020-02-16,China,Inner Mongolia,2534,70,0,2,4,0,,70,,2
2020-02-16,China,Jiangsu,8051,617,0,13,9,0,,617,,13
2020-02-16,China,Jiangxi,4648,925,1,13,7,0,,925,,13
2020-02-16,China,Jilin,2704,89,1,1,16,0,,89,,1
2020-02-16,China,Liaoning,4359,120,1,1,69,0,,120,,1
2020-02-16,China,Macao SAR,66,10,0,0,0,0,,10,,0
2020-02-16,China,Ningxia,688,70,0,0,5,0,,70,,0
2020-02-16,China,Qinghai,603,18,0,0,0,0,,18,,0
2020-02-16,China,Shaanxi,3864,236,0,4,15,0,,236,,4
2020-02-16,China,Shandong,10047,537,2,7,22,0,,537,,7
2020-02-16,China,Shanghai,2424,328,1,2,75,0,,328,,2
2020-02-16,China,Shanxi,3718,128,0,1,15,0,,128,,1
2020-02-16,China,Sichuan,8341,481,3,11,46,2,,481,,11
2020-02-16,China,Taiwan,2359,18,0,0,0,0,,18,,0
2020-02-16,China,Tianjin,1560,122,3,2,109,0,,122,,2
2020-02-16,China,Xinjiang,2487,71,1,1,3,0,,71,,1
2020-02-16,China,Xizang,344,1,0,0,0,0,,1,,0
2020-02-16,China,Yunnan,4830,169,0,1,37,0,,169,,1
2020-02-16,China,Zhejiang,5737,1167,0,5,23,0,,1167,,5
2020-02-17,China,Anhui,6324,973,6,11,9,0,,,,
2020-02-17,China,Beijing,2154,381,4,1,33,0,,,,
2020-02-17,China,Chongqing,3102,551,5,7,63,0,,,,
2020-02-17,China,Fujian,3941,290,0,3,3,0,,,,
2020-02-17,China,Gansu,2637,91,2,1,0,0,,,,
2020-02-17,China,Guangdong,11346,1322,4,6,1,2,,,,
2020-02-17,China,Guangxi,4926,238,2,1,26,0,,,,
2020-02-17,China,Guizhou,3600,146,1,2,2,0,,,,
2020-02-17,China,Hainan,934,162,4,0,27,0,,,,
2020-02-17,China,Hebei,7556,301,3,1,2,0,,,,
2020-02-17,China,Heilongjiang,3773,457,11,12,27,0,,,,
2020-02-17,China,Henan,9605,1246,16,15,112,3,,,,
2020-02-17,China,Hong Kong SAR,745,57,1,1,0,0,,,,
2020-02-17,China,Hubei,5917,58182,1696,1933,909,100,,,,
2020-02-17,China,Hunan,6899,1006,3,2,14,0,,,,
2020-02-17,China,Inner Mongolia,2534,72,0,2,3,0,,,,
2020-02-17,China,Jiangsu,8051,626,0,9,3,0,,,,
2020-02-17,China,Jiangxi,4648,930,1,5,2,0,,,,
2020-02-17,China,Jilin,2704,89,1,0,9,0,,,,
2020-02-17,China,Liaoning,4359,121,1,1,45,0,,,,
2020-02-17,China,Macao SAR,66,10,0,0,0,0,,,,
2020-02-17,China,Ningxia,688,70,0,0,0,0,,,,
2020-02-17,China,Qinghai,603,18,0,0,0,0,,,,
2020-02-17,China,Shaanxi,3864,240,0,4,15,0,,,,
2020-02-17,China,Shandong,10047,541,2,4,21,0,,,,
2020-02-17,China,Shanghai,2424,331,1,3,67,0,,,,
2020-02-17,China,Shanxi,3718,129,0,1,5,0,,,,
2020-02-17,China,Sichuan,8341,495,3,14,40,0,,,,
2020-02-17,China,Taiwan,2359,20,1,2,0,1,,,,
2020-02-17,China,Tianjin,1560,124,3,2,88,0,,,,
2020-02-17,China,Xinjiang,2487,73,1,2,2,0,,,,
2020-02-17,China,Xizang,344,1,0,0,0,0,,,,
2020-02-17,China,Yunnan,4830,171,0,2,22,0,,,,
2020-02-17,China,Zhejiang,5737,1171,0,4,13,0,,,,
2020-02-18,China,Anhui,6324,982,6,9,7,0,,,,
2020-02-18,China,Beijing,2154,387,4,6,49,0,,,,
2020-02-18,China,Chongqing,3102,553,5,2,50,0,,,,
2020-02-18,China,Fujian,3941,292,0,2,2,0,,,,
2020-02-18,China,Gansu,2637,91,2,0,0,0,,,,
2020-02-18,China,Guangdong,11346,1328,4,6,0,0,,,,
2020-02-18,China,Guangxi,4926,242,2,4,21,0,,,,
2020-02-18,China,Guizhou,3600,146,1,0,2,0,,,,
2020-02-18,China,Hainan,934,163,4,1,22,0,,,,
2020-02-18,China,Hebei,7556,302,4,1,1,1,,,,
2020-02-18,China,Heilongjiang,3773,464,11,7,32,0,,,,
2020-02-18,China,Henan,9605,1257,19,11,102,3,,,,
2020-02-18,China,Hong Kong SAR,745,60,1,3,0,0,,,,
2020-02-18,China,Hubei,5917,59989,1789,1807,788,93,,,,
2020-02-18,China,Hunan,6899,1007,4,1,15,1,,,,
2020-02-18,China,Inner Mongolia,2534,73,0,1,0,0,,,,
2020-02-18,China,Jiangsu,8051,629,0,3,4,0,,,,
2020-02-18,China,Jiangxi,4648,933,1,3,0,0,,,,
2020-02-18,China,Jilin,2704,89,1,0,14,0,,,,
2020-02-18,China,Liaoning,4359,121,1,0,64,0,,,,
2020-02-18,China,Macao SAR,66,10,0,0,0,0,,,,
2020-02-18,China,Ningxia,688,70,0,0,4,0,,,,
2020-02-18,China,Qinghai,603,18,0,0,0,0,,,,
2020-02-18,China,Shaanxi,3864,240,0,0,22,0,,,,
2020-02-18,China,Shandong,10047,543,2,2,17,0,,,,
2020-02-18,China,Shanghai,2424,333,1,2,65,0,,,,
2020-02-18,China,Shanxi,3718,130,0,1,6,0,,,,
2020-02-18,China,Sichuan,8341,508,3,13,28,0,,,,
2020-02-18,China,Taiwan,2359,22,1,2,0,0,,,,
2020-02-18,China,Tianjin,1560,125,3,1,83,0,,,,
2020-02-18,China,Xinjiang,2487,76,1,1,1,0,,,,
2020-02-18,China,Xizang,344,1,0,0,0,0,,,,
2020-02-18,China,Yunnan,4830,172,0,1,18,0,,,,
2020-02-18,China,Zhejiang,5737,1172,0,1,15,0,,,,
2020-02-19,China,Anhui,6324,986,6,4,0,0,,,,
2020-02-19,China,Beijing,2154,393,4,6,58,0,,,,
2020-02-19,China,Chongqing,3102,555,5,2,41,0,,,,
2020-02-19,China,Fujian,3941,293,0,1,4,0,,,,
2020-02-19,China,Gansu,2637,91,2,0,0,0,,,,
2020-02-19,China,Guangdong,11346,1331,5,3,1,1,,,,
2020-02-19,China,Guangxi,4926,244,2,2,12,0,,,,
2020-02-19,China,Guizhou,3600,146,2,0,2,1,,,,
2020-02-19,China,Hainan,934,163,4,0,14,0,,,,
2020-02-19,China,Hebei,7556,306,4,4,0,0,,,,
2020-02-19,China,Heilongjiang,3773,470,12,6,21,1,,,,
2020-02-19,China,Henan,9605,1262,19,5,121,0,,,,
2020-02-19,China,Hong Kong SAR,745,62,1,2,0,0,,,,
2020-02-19,China,Hubei,5917,61682,1921,1693,596,132,,,,
2020-02-19,China,Hunan,6899,1008,4,1,12,0,,,,
2020-02-19,China,Inner Mongolia,2534,75,0,2,3,0,,,,
2020-02-19,China,Jiangsu,8051,631,0,2,0,0,,,,
2020-02-19,China,Jiangxi,4648,934,1,1,0,0,,,,
2020-02-19,China,Jilin,2704,90,1,1,11,0,,,,
2020-02-19,China,Liaoning,4359,121,1,0,64,0,,,,
2020-02-19,China,Macao SAR,66,10,0,0,0,0,,,,
2020-02-19,China,Ningxia,688,71,0,1,0,0,,,,
2020-02-19,China,Qinghai,603,18,0,0,0,0,,,,
2020-02-19,China,Shaanxi,3864,242,0,2,19,0,,,,
2020-02-19,China,Shandong,10047,544,3,1,8,1,,,,
2020-02-19,China,Shanghai,2424,333,1,0,78,0,,,,
2020-02-19,China,Shanxi,3718,131,0,1,3,0,,,,
2020-02-19,China,Sichuan,8341,514,3,6,30,0,,,,
2020-02-19,China,Taiwan,2359,23,1,1,0,0,,,,
2020-02-19,China,Tianjin,1560,128,3,3,62,0,,,,
2020-02-19,China,Xinjiang,2487,76,1,0,0,0,,,,
2020-02-19,China,Xizang,344,1,0,0,0,0,,,,
2020-02-19,China,Yunnan,4830,173,0,1,16,0,,,,
2020-02-19,China,Zhejiang,5737,1173,0,1,9,0,,,,
2020-02-20,China,Anhui,6324,987,6,1,0,0,,,,
2020-02-20,China,Beijing,2154,395,4,2,25,0,,,,
2020-02-20,China,Chongqing,3102,560,5,5,45,0,,,,
2020-02-20,China,Fujian,3941,293,1,0,0,1,,,,
2020-02-20,China,Gansu,2637,91,2,1,9,0,,,,
2020-02-20,China,Guangdong,11346,1332,5,1,1,0,,,,
2020-02-20,China,Guangxi,4926,245,2,1,17,0,,,,
2020-02-20,China,Guizhou,3600,146,2,0,2,0,,,,
2020-02-20,China,Hainan,934,168,4,5,16,0,,,,
2020-02-20,China,Hebei,7556,307,5,1,0,1,,,,
2020-02-20,China,Heilongjiang,3773,476,12,6,4,0,,,,
2020-02-20,China,Henan,9605,1265,19,4,66,0,,,,
2020-02-20,China,Hong Kong SAR,745,65,2,3,0,1,,,,
2020-02-20,China,Hubei,5917,62031,2029,349,880,108,,,,
2020-02-20,China,Hunan,6899,1010,4,2,5,0,,,,
2020-02-20,China,Inner Mongolia,2534,75,0,0,0,0,,,,
2020-02-20,China,Jiangsu,8051,631,0,0,1,0,,,,
2020-02-20,China,Jiangxi,4648,934,1,1,0,0,,,,
2020-02-20,China,Jilin,2704,91,1,0,0,0,,,,
2020-02-20,China,Liaoning,4359,121,1,0,26,0,,,,
2020-02-20,China,Macao SAR,66,10,0,0,0,0,,,,
2020-02-20,China,Ningxia,688,71,0,0,0,0,,,,
2020-02-20,China,Qinghai,603,18,0,0,0,0,,,,
2020-02-20,China,Shaanxi,3864,245,1,3,8,1,,,,
2020-02-20,China,Shandong,10047,546,4,2,10,1,,,,
2020-02-20,China,Shanghai,2424,333,2,0,56,1,,,,
2020-02-20,China,Shanxi,3718,131,0,0,1,0,,,,
2020-02-20,China,Sichuan,8341,520,3,6,21,0,,,,
2020-02-20,China,Taiwan,2359,24,1,2,0,0,,,,
2020-02-20,China,Tianjin,1560,130,3,2,57,0,,,,
2020-02-20,China,Xinjiang,2487,76,1,0,0,0,,,,
2020-02-20,China,Xizang,344,1,0,0,0,0,,,,
2020-02-20,China,Yunnan,4830,173,1,0,21,1,,,,
2020-02-20,China,Zhejiang,5737,1175,0,2,6,0,,,,
2020-02-21,China,Anhui,6324,988,6,1,1,0,,,,
2020-02-21,China,Beijing,2154,396,4,1,41,0,,,,
2020-02-21,China,Chongqing,3102,567,6,7,28,1,,,,
2020-02-21,China,Fujian,3941,293,1,0,0,0,,,,
2020-02-21,China,Gansu,2637,91,2,0,1,0,,,,
2020-02-21,China,Guangdong,11346,1333,5,1,1,0,,,,
2020-02-21,China,Guangxi,4926,246,2,1,15,0,,,,
2020-02-21,China,Guizhou,3600,146,2,0,3,0,,,,
2020-02-21,China,Hainan,934,168,4,0,16,0,,,,
2020-02-21,China,Hebei,7556,308,5,1,0,0,,,,
2020-02-21,China,Heilongjiang,3773,479,12,3,1,0,,,,
2020-02-21,China,Henan,9605,1267,19,2,31,0,,,,
2020-02-21,China,Hong Kong SAR,745,68,2,3,0,0,,,,
2020-02-21,China,Hubei,5917,62662,2144,631,1279,115,,,,
2020-02-21,China,Hunan,6899,1011,4,1,5,0,,,,
2020-02-21,China,Inner Mongolia,2534,75,0,0,0,0,,,,
2020-02-21,China,Jiangsu,8051,631,0,0,1,0,,,,
2020-02-21,China,Jiangxi,4648,934,1,0,0,0,,,,
2020-02-21,China,Jilin,2704,91,1,0,4,0,,,,
2020-02-21,China,Liaoning,4359,121,1,0,20,0,,,,
2020-02-21,China,Macao SAR,66,10,0,0,0,0,,,,
2020-02-21,China,Ningxia,688,71,0,0,1,0,,,,
2020-02-21,China,Qinghai,603,18,0,0,0,0,,,,
2020-02-21,China,Shaanxi,3864,245,1,0,8,0,,,,
2020-02-21,China,Shandong,10047,748,4,202,14,0,,,,
2020-02-21,China,Shanghai,2424,334,2,1,62,0,,,,
2020-02-21,China,Shanxi,3718,132,0,1,5,0,,,,
2020-02-21,China,Sichuan,8341,525,3,5,15,0,,,,
2020-02-21,China,Taiwan,2359,26,1,2,0,0,,,,
2020-02-21,China,Tianjin,1560,131,3,1,37,0,,,,
2020-02-21,China,Xinjiang,2487,76,1,0,0,0,,,,
2020-02-21,China,Xizang,344,1,0,0,0,0,,,,
2020-02-21,China,Yunnan,4830,174,2,2,21,1,,,,
2020-02-21,China,Zhejiang,5737,1203,1,28,4,1,,,,
2020-02-22,China,Anhui,6324,989,6,1,0,0,,,,
2020-02-22,China,Beijing,2154,399,4,3,26,0,,,,
2020-02-22,China,Chongqing,3102,572,6,5,15,0,,,,
2020-02-22,China,Fujian,3941,293,1,0,0,0,,,,
2020-02-22,China,Gansu,2637,91,2,0,0,0,,,,
2020-02-22,China,Guangdong,11346,1339,5,6,1,0,,,,
2020-02-22,China,Guangxi,4926,249,2,3,6,0,,,,
2020-02-22,China,Guizhou,3600,146,2,0,2,0,,,,
2020-02-22,China,Hainan,934,168,4,0,11,0,,,,
2020-02-22,China,Hebei,7556,309,6,1,0,1,,,,
2020-02-22,China,Heilongjiang,3773,479,12,0,0,0,,,,
2020-02-22,China,Henan,9605,1270,19,3,25,0,,,,
2020-02-22,China,Hong Kong SAR,745,68,2,0,0,0,,,,
2020-02-22,China,Hubei,5917,63454,2250,366,1125,106,,,,
2020-02-22,China,Hunan,6899,1013,4,2,2,0,,,,
2020-02-22,China,Inner Mongolia,2534,75,0,0,0,0,,,,
2020-02-22,China,Jiangsu,8051,631,0,0,0,0,,,,
2020-02-22,China,Jiangxi,4648,934,1,0,0,0,,,,
2020-02-22,China,Jilin,2704,91,1,0,7,0,,,,
2020-02-22,China,Liaoning,4359,121,1,0,14,0,,,,
2020-02-22,China,Macao SAR,66,10,0,0,0,0,,,,
2020-02-22,China,Ningxia,688,71,0,0,1,0,,,,
2020-02-22,China,Qinghai,603,18,0,0,0,0,,,,
2020-02-22,China,Shaanxi,3864,245,1,0,3,0,,,,
2020-02-22,China,Shandong,10047,750,4,2,3,0,,,,
2020-02-22,China,Shanghai,2424,334,3,0,48,1,,,,
2020-02-22,China,Shanxi,3718,132,0,0,2,0,,,,
2020-02-22,China,Sichuan,8341,526,3,1,21,0,,,,
2020-02-22,China,Taiwan,2359,26,1,0,0,0,,,,
2020-02-22,China,Tianjin,1560,133,3,2,31,0,,,,
2020-02-22,China,Xinjiang,2487,76,2,0,0,1,,,,
2020-02-22,China,Xizang,344,1,0,0,0,0,,,,
2020-02-22,China,Yunnan,4830,174,2,0,14,0,,,,
2020-02-22,China,Zhejiang,5737,1205,1,2,4,0,,,,
2020-02-23,China,Anhui,6324,989,6,0,0,0,,,,
2020-02-23,China,Beijing,2154,399,4,0,35,0,,,,
2020-02-23,China,Chongqing,3102,573,6,1,21,0,,,,
2020-02-23,China,Fujian,3941,293,1,0,0,0,,,,
2020-02-23,China,Gansu,2637,91,2,0,0,0,,,,
2020-02-23,China,Guangdong,11346,1342,6,3,0,1,,,,
2020-02-23,China,Guangxi,4926,249,2,0,12,0,,,,
2020-02-23,China,Guizhou,3600,146,2,0,0,0,,,,
2020-02-23,China,Hainan,934,168,4,0,14,0,,,,
2020-02-23,China,Hebei,7556,311,6,2,0,0,,,,
2020-02-23,China,Heilongjiang,3773,480,12,1,0,0,,,,
2020-02-23,China,Henan,9605,1271,19,1,12,0,,,,
2020-02-23,China,Hong Kong SAR,745,70,2,2,0,0,,,,
2020-02-23,China,Hubei,5917,64084,2346,630,631,96,,,,
2020-02-23,China,Hunan,6899,1016,4,3,0,0,,,,
2020-02-23,China,Inner Mongolia,2534,75,0,0,0,0,,,,
2020-02-23,China,Jiangsu,8051,631,0,0,0,0,,,,
2020-02-23,China,Jiangxi,4648,934,1,0,0,0,,,,
2020-02-23,China,Jilin,2704,91,1,0,7,0,,,,
2020-02-23,China,Liaoning,4359,121,1,0,13,0,,,,
2020-02-23,China,Macao SAR,66,10,0,0,0,0,,,,
2020-02-23,China,Ningxia,688,71,0,0,1,0,,,,
2020-02-23,China,Qinghai,603,18,0,0,0,0,,,,
2020-02-23,China,Shaanxi,3864,245,1,0,2,0,,,,
2020-02-23,China,Shandong,10047,754,4,4,2,0,,,,
2020-02-23,China,Shanghai,2424,335,3,1,52,0,,,,
2020-02-23,China,Shanxi,3718,132,0,0,1,0,,,,
2020-02-23,China,Sichuan,8341,526,3,0,15,0,,,,
2020-02-23,China,Taiwan,2359,26,1,0,0,0,,,,
2020-02-23,China,Tianjin,1560,135,3,2,51,0,,,,
2020-02-23,China,Xinjiang,2487,76,2,0,0,0,,,,
2020-02-23,China,Xizang,344,1,0,0,0,0,,,,
2020-02-23,China,Yunnan,4830,174,2,0,11,0,,,,
2020-02-23,China,Zhejiang,5737,1205,1,0,2,0,,,,
2020-02-24,China,Anhui,6324,989,6,0,0,0,,,,
2020-02-24,China,Beijing,2154,399,4,0,30,0,,,,
2020-02-24,China,Chongqing,3102,575,6,2,8,0,,,,
2020-02-24,China,Fujian,3941,293,1,0,1,0,,,,
2020-02-24,China,Gansu,2637,91,2,0,0,0,,,,
2020-02-24,China,Guangdong,11346,1345,6,3,0,0,,,,
2020-02-24,China,Guangxi,4926,251,2,2,4,0,,,,
2020-02-24,China,Guizhou,3600,146,2,0,2,0,,,,
2020-02-24,China,Hainan,934,168,5,0,10,1,,,,
2020-02-24,China,Hebei,7556,311,6,0,0,0,,,,
2020-02-24,China,Heilongjiang,3773,480,12,0,0,0,,,,
2020-02-24,China,Henan,9605,1271,19,0,9,0,,,,
2020-02-24,China,Hong Kong SAR,745,74,2,4,0,0,,,,
2020-02-24,China,Hubei,5917,64287,2495,398,450,149,,,,
2020-02-24,China,Hunan,6899,1016,4,0,1,0,,,,
2020-02-24,China,Inner Mongolia,2534,75,0,0,0,0,,,,
2020-02-24,China,Jiangsu,8051,631,0,0,0,0,,,,
2020-02-24,China,Jiangxi,4648,934,1,0,0,0,,,,
2020-02-24,China,Jilin,2704,93,1,2,7,0,,,,
2020-02-24,China,Liaoning,4359,121,1,0,15,0,,,,
2020-02-24,China,Macao SAR,66,10,0,0,0,0,,,,
2020-02-24,China,Ningxia,688,71,0,0,0,0,,,,
2020-02-24,China,Qinghai,603,18,0,0,0,0,,,,
2020-02-24,China,Shaanxi,3864,245,1,0,0,0,,,,
2020-02-24,China,Shandong,10047,755,4,1,1,0,,,,
2020-02-24,China,Shanghai,2424,335,3,0,36,0,,,,
2020-02-24,China,Shanxi,3718,132,0,0,4,0,,,,
2020-02-24,China,Sichuan,8341,527,3,1,8,0,,,,
2020-02-24,China,Taiwan,2359,28,1,2,0,0,,,,
2020-02-24,China,Tianjin,1560,135,3,0,22,0,,,,
2020-02-24,China,Xinjiang,2487,76,2,0,0,0,,,,
2020-02-24,China,Xizang,344,1,0,0,0,0,,,,
2020-02-24,China,Yunnan,4830,174,2,0,7,0,,,,
2020-02-24,China,Zhejiang,5737,1205,1,0,5,0,,,,
2020-02-25,China,Anhui,6324,989,6,0,0,0,,,,
2020-02-25,China,Beijing,2154,400,4,1,18,0,,,,
2020-02-25,China,Chongqing,3102,576,6,1,13,0,,,,
2020-02-25,China,Fujian,3941,294,1,1,0,0,,,,
2020-02-25,China,Gansu,2637,91,2,0,0,0,,,,
2020-02-25,China,Guangdong,11346,1347,7,2,0,1,,,,
2020-02-25,China,Guangxi,4926,252,2,1,3,0,,,,
2020-02-25,China,Guizhou,3600,146,2,0,0,0,,,,
2020-02-25,China,Hainan,934,168,5,0,9,0,,,,
2020-02-25,China,Hebei,7556,311,6,0,0,0,,,,
2020-02-25,China,Heilongjiang,3773,480,12,0,0,0,,,,
2020-02-25,China,Henan,9605,1271,19,0,5,0,,,,
2020-02-25,China,Hong Kong SAR,745,81,2,7,0,0,,,,
2020-02-25,China,Hubei,5917,64786,2563,499,373,68,,,,
2020-02-25,China,Hunan,6899,1016,4,0,1,0,,,,
2020-02-25,China,Inner Mongolia,2534,75,0,0,0,0,,,,
2020-02-25,China,Jiangsu,8051,631,0,0,0,0,,,,
2020-02-25,China,Jiangxi,4648,934,1,0,0,0,,,,
2020-02-25,China,Jilin,2704,93,1,0,14,0,,,,
2020-02-25,China,Liaoning,4359,121,1,0,9,0,,,,
2020-02-25,China,Macao SAR,66,10,0,0,0,0,,,,
2020-02-25,China,Ningxia,688,71,0,0,0,0,,,,
2020-02-25,China,Qinghai,603,18,0,0,0,0,,,,
2020-02-25,China,Shaanxi,3864,245,1,0,0,0,,,,
2020-02-25,China,Shandong,10047,755,6,0,0,2,,,,
2020-02-25,China,Shanghai,2424,335,3,0,30,0,,,,
2020-02-25,China,Shanxi,3718,133,0,1,0,0,,,,
2020-02-25,China,Sichuan,8341,529,3,2,7,0,,,,
2020-02-25,China,Taiwan,2359,31,1,3,0,0,,,,
2020-02-25,China,Tianjin,1560,135,3,0,38,0,,,,
2020-02-25,China,Xinjiang,2487,76,2,0,0,0,,,,
2020-02-25,China,Xizang,344,1,0,0,0,0,,,,
2020-02-25,China,Yunnan,4830,174,2,0,9,0,,,,
2020-02-25,China,Zhejiang,5737,1205,1,0,1,0,,,,
2020-02-26,China,Anhui,6324,989,6,0,0,0,,,,
2020-02-26,China,Beijing,2154,400,4,0,21,0,,,,
2020-02-26,China,Chongqing,3102,576,6,0,9,0,,,,
2020-02-26,China,Fujian,3941,294,1,0,0,0,,,,
2020-02-26,China,Gansu,2637,91,2,0,0,0,,,,
2020-02-26,China,Guangdong,11346,1347,7,0,0,0,,,,
2020-02-26,China,Guangxi,4926,252,2,0,2,0,,,,
2020-02-26,China,Guizhou,3600,146,2,0,0,0,,,,
2020-02-26,China,Hainan,934,168,5,0,6,0,,,,
2020-02-26,China,Hebei,7556,312,6,1,0,0,,,,
2020-02-26,China,Heilongjiang,3773,480,12,0,0,0,,,,
2020-02-26,China,Henan,9605,1271,19,0,1,0,,,,
2020-02-26,China,Hong Kong SAR,745,85,2,4,0,0,,,,
2020-02-26,China,Hubei,5917,65187,2615,401,311,52,,,,
2020-02-26,China,Hunan,6899,1016,4,0,1,0,,,,
2020-02-26,China,Inner Mongolia,2534,75,0,0,0,0,,,,
2020-02-26,China,Jiangsu,8051,631,0,0,0,0,,,,
2020-02-26,China,Jiangxi,4648,934,1,0,0,0,,,,
2020-02-26,China,Jilin,2704,93,1,0,2,0,,,,
2020-02-26,China,Liaoning,4359,121,1,0,6,0,,,,
2020-02-26,China,Macao SAR,66,10,0,0,0,0,,,,
2020-02-26,China,Ningxia,688,71,0,0,2,0,,,,
2020-02-26,China,Qinghai,603,18,0,0,0,0,,,,
2020-02-26,China,Shaanxi,3864,245,1,0,0,0,,,,
2020-02-26,China,Shandong,10047,756,6,1,1,0,,,,
2020-02-26,China,Shanghai,2424,336,3,1,46,0,,,,
2020-02-26,China,Shanxi,3718,133,0,0,1,0,,,,
2020-02-26,China,Sichuan,8341,531,3,2,7,0,,,,
2020-02-26,China,Taiwan,2359,32,1,2,0,0,,,,
2020-02-26,China,Tianjin,1560,135,3,0,14,0,,,,
2020-02-26,China,Xinjiang,2487,76,2,0,0,0,,,,
2020-02-26,China,Xizang,344,1,0,0,0,0,,,,
2020-02-26,China,Yunnan,4830,174,2,0,7,0,,,,
2020-02-26,China,Zhejiang,5737,1205,1,0,2,0,,,,
2020-02-27,China,Anhui,6324,989,6,0,0,0,,,,
2020-02-27,China,Beijing,2154,410,5,10,10,1,,,,
2020-02-27,China,Chongqing,3102,576,6,0,11,0,,,,
2020-02-27,China,Fujian,3941,296,1,2,0,0,,,,
2020-02-27,China,Gansu,2637,91,2,0,0,0,,,,
2020-02-27,China,Guangdong,11346,1347,7,0,0,0,,,,
2020-02-27,China,Guangxi,4926,252,2,0,0,0,,,,
2020-02-27,China,Guizhou,3600,146,2,0,1,0,,,,
2020-02-27,China,Hainan,934,168,5,0,4,0,,,,
2020-02-27,China,Hebei,7556,317,6,5,0,0,,,,
2020-02-27,China,Heilongjiang,3773,480,13,0,0,1,,,,
2020-02-27,China,Henan,9605,1272,20,1,2,1,,,,
2020-02-27,China,Hong Kong SAR,745,91,2,6,0,0,,,,
2020-02-27,China,Hubei,5917,65596,2641,409,403,26,,,,
2020-02-27,China,Hunan,6899,1017,4,1,0,0,,,,
2020-02-27,China,Inner Mongolia,2534,75,0,0,0,0,,,,
2020-02-27,China,Jiangsu,8051,631,0,0,0,0,,,,
2020-02-27,China,Jiangxi,4648,934,1,0,0,0,,,,
2020-02-27,China,Jilin,2704,93,1,0,2,0,,,,
2020-02-27,China,Liaoning,4359,121,1,0,14,0,,,,
2020-02-27,China,Macao SAR,66,10,0,0,0,0,,,,
2020-02-27,China,Ningxia,688,72,0,1,0,0,,,,
2020-02-27,China,Qinghai,603,18,0,0,0,0,,,,
2020-02-27,China,Shaanxi,3864,245,1,0,0,0,,,,
2020-02-27,China,Shandong,10047,756,6,0,0,0,,,,
2020-02-27,China,Shanghai,2424,337,3,1,33,0,,,,
2020-02-27,China,Shanxi,3718,133,0,0,1,0,,,,
2020-02-27,China,Sichuan,8341,534,3,3,4,0,,,,
2020-02-27,China,Taiwan,2359,32,1,0,0,0,,,,
2020-02-27,China,Tianjin,1560,135,3,0,20,0,,,,
2020-02-27,China,Xinjiang,2487,76,2,0,0,0,,,,
2020-02-27,China,Xizang,344,1,0,0,0,0,,,,
2020-02-27,China,Yunnan,4830,174,2,0,3,0,,,,
2020-02-27,China,Zhejiang,5737,1205,1,0,0,0,,,,
2020-02-28,China,Anhui,6324,990,6,1,0,0,,,,
2020-02-28,China,Beijing,2154,410,7,0,12,2,,,,
2020-02-28,China,Chongqing,3102,576,6,0,6,0,,,,
2020-02-28,China,Fujian,3941,296,1,0,0,0,,,,
2020-02-28,China,Gansu,2637,91,2,0,0,0,,,,
2020-02-28,China,Guangdong,11346,1348,7,1,2,0,,,,
2020-02-28,China,Guangxi,4926,252,2,0,0,0,,,,
2020-02-28,China,Guizhou,3600,146,2,0,1,0,,,,
2020-02-28,China,Hainan,934,168,5,0,5,0,,,,
2020-02-28,China,Hebei,7556,318,6,1,0,0,,,,
2020-02-28,China,Heilongjiang,3773,480,13,0,0,0,,,,
2020-02-28,China,Henan,9605,1272,20,0,1,0,,,,
2020-02-28,China,Hong Kong SAR,745,93,2,2,0,0,,,,
2020-02-28,China,Hubei,5917,65914,2682,318,332,41,,,,
2020-02-28,China,Hunan,6899,1017,4,0,0,0,,,,
2020-02-28,China,Inner Mongolia,2534,75,0,0,0,0,,,,
2020-02-28,China,Jiangsu,8051,631,0,0,0,0,,,,
2020-02-28,China,Jiangxi,4648,935,1,1,0,0,,,,
2020-02-28,China,Jilin,2704,93,1,0,3,0,,,,
2020-02-28,China,Liaoning,4359,121,1,0,22,0,,,,
2020-02-28,China,Macao SAR,66,10,0,0,0,0,,,,
2020-02-28,China,Ningxia,688,72,0,0,0,0,,,,
2020-02-28,China,Qinghai,603,18,0,0,0,0,,,,
2020-02-28,China,Shaanxi,3864,245,1,0,0,0,,,,
2020-02-28,China,Shandong,10047,756,6,0,0,0,,,,
2020-02-28,China,Shanghai,2424,337,3,0,36,0,,,,
2020-02-28,China,Shanxi,3718,133,0,0,0,0,,,,
2020-02-28,China,Sichuan,8341,538,3,4,4,0,,,,
2020-02-28,China,Taiwan,2359,34,1,2,0,0,,,,
2020-02-28,China,Tianjin,1560,136,3,1,24,0,,,,
2020-02-28,China,Xinjiang,2487,76,3,0,0,1,,,,
2020-02-28,China,Xizang,344,1,0,0,0,0,,,,
2020-02-28,China,Yunnan,4830,174,2,0,4,0,,,,
2020-02-28,China,Zhejiang,5737,1205,1,0,0,0,,,,
2020-02-29,China,Anhui,6324,990,6,0,0,0,,,,
2020-02-29,China,Beijing,2154,411,8,1,9,1,,,,
2020-02-29,China,Chongqing,3102,576,6,0,7,0,,,,
2020-02-29,China,Fujian,3941,296,1,0,0,0,,,,
2020-02-29,China,Gansu,2637,91,2,0,0,0,,,,
2020-02-29,China,Guangdong,11346,1349,7,1,0,0,,,,
2020-02-29,China,Guangxi,4926,252,2,0,0,0,,,,
2020-02-29,China,Guizhou,3600,146,2,0,1,0,,,,
2020-02-29,China,Hainan,934,168,5,0,5,0,,,,
2020-02-29,China,Hebei,7556,318,6,0,0,0,,,,
2020-02-29,China,Heilongjiang,3773,480,13,0,0,0,,,,
2020-02-29,China,Henan,9605,1272,21,0,0,1,,,,
2020-02-29,China,Hong Kong SAR,745,94,2,1,0,0,,,,
2020-02-29,China,Hubei,5917,66337,2727,423,159,45,,,,
2020-02-29,China,Hunan,6899,1018,4,1,1,0,,,,
2020-02-29,China,Inner Mongolia,2534,75,0,0,0,0,,,,
2020-02-29,China,Jiangsu,8051,631,0,0,0,0,,,,
2020-02-29,China,Jiangxi,4648,935,1,0,1,0,,,,
2020-02-29,China,Jilin,2704,93,1,0,3,0,,,,
2020-02-29,China,Liaoning,4359,121,1,0,15,0,,,,
2020-02-29,China,Macao SAR,66,10,0,0,0,0,,,,
2020-02-29,China,Ningxia,688,73,0,1,0,0,,,,
2020-02-29,China,Qinghai,603,18,0,0,0,0,,,,
2020-02-29,China,Shaanxi,3864,245,1,0,0,0,,,,
2020-02-29,China,Shandong,10047,756,6,0,0,0,,,,
2020-02-29,China,Shanghai,2424,337,3,0,28,0,,,,
2020-02-29,China,Shanxi,3718,133,0,0,0,0,,,,
2020-02-29,China,Sichuan,8341,538,3,0,2,0,,,,
2020-02-29,China,Taiwan,2359,39,1,7,0,0,,,,
2020-02-29,China,Tianjin,1560,136,3,0,14,0,,,,
2020-02-29,China,Xinjiang,2487,76,3,0,0,0,,,,
2020-02-29,China,Xizang,344,1,0,0,0,0,,,,
2020-02-29,China,Yunnan,4830,174,2,0,3,0,,,,
2020-02-29,China,Zhejiang,5737,1205,1,0,0,0,,,,
2020-03-01,China,Anhui,6324,990,6,0,0,0,,,,
2020-03-01,China,Beijing,2154,413,8,2,18,0,,,,
2020-03-01,China,Chongqing,3102,576,6,0,6,0,,,,
2020-03-01,China,Fujian,3941,296,1,0,0,0,,,,
2020-03-01,China,Gansu,2637,91,2,0,0,0,,,,
2020-03-01,China,Guangdong,11346,1349,7,0,1,0,,,,
2020-03-01,China,Guangxi,4926,252,2,0,0,0,,,,
2020-03-01,China,Guizhou,3600,146,2,0,0,0,,,,
2020-03-01,China,Hainan,934,168,5,0,3,0,,,,
2020-03-01,China,Hebei,7556,318,6,0,0,0,,,,
2020-03-01,China,Heilongjiang,3773,480,13,0,0,0,,,,
2020-03-01,China,Henan,9605,1272,22,0,0,1,,,,
2020-03-01,China,Hong Kong SAR,745,95,2,1,0,0,,,,
2020-03-01,China,Hubei,5917,66907,2761,570,64,34,,,,
2020-03-01,China,Hunan,6899,1018,4,0,0,0,,,,
2020-03-01,China,Inner Mongolia,2534,75,0,0,0,0,,,,
2020-03-01,China,Jiangsu,8051,631,0,0,0,0,,,,
2020-03-01,China,Jiangxi,4648,935,1,0,0,0,,,,
2020-03-01,China,Jilin,2704,93,1,0,6,0,,,,
2020-03-01,China,Liaoning,4359,122,1,1,11,0,,,,
2020-03-01,China,Macao SAR,66,10,0,0,0,0,,,,
2020-03-01,China,Ningxia,688,73,0,0,1,0,,,,
2020-03-01,China,Qinghai,603,18,0,0,0,0,,,,
2020-03-01,China,Shaanxi,3864,245,1,0,0,0,,,,
2020-03-01,China,Shandong,10047,756,6,0,0,0,,,,
2020-03-01,China,Shanghai,2424,337,3,0,10,0,,,,
2020-03-01,China,Shanxi,3718,133,0,0,0,0,,,,
2020-03-01,China,Sichuan,8341,538,3,0,1,0,,,,
2020-03-01,China,Taiwan,2359,39,1,5,0,0,,,,
2020-03-01,China,Tianjin,1560,136,3,0,11,0,,,,
2020-03-01,China,Xinjiang,2487,76,3,0,0,0,,,,
2020-03-01,China,Xizang,344,1,0,0,0,0,,,,
2020-03-01,China,Yunnan,4830,174,2,0,0,0,,,,
2020-03-01,China,Zhejiang,5737,1205,1,0,0,0,,,,
2020-03-02,China,Anhui,6324,990,6,0,0,0,,,,
2020-03-02,China,Beijing,2154,414,8,1,12,0,,,,
2020-03-02,China,Chongqing,3102,576,6,0,1,0,,,,
2020-03-02,China,Fujian,3941,296,1,0,0,0,,,,
2020-03-02,China,Gansu,2637,91,2,0,0,0,,,,
2020-03-02,China,Guangdong,11346,1350,7,1,0,0,,,,
2020-03-02,China,Guangxi,4926,252,2,0,0,0,,,,
2020-03-02,China,Guizhou,3600,146,2,0,0,0,,,,
2020-03-02,China,Hainan,934,168,5,0,1,0,,,,
2020-03-02,China,Hebei,7556,318,6,0,0,0,,,,
2020-03-02,China,Heilongjiang,3773,480,13,0,0,0,,,,
2020-03-02,China,Henan,9605,1272,22,0,0,0,,,,
2020-03-02,China,Hong Kong SAR,745,98,2,3,0,0,,,,
2020-03-02,China,Hubei,5917,67103,2803,196,80,42,,,,
2020-03-02,China,Hunan,6899,1018,4,0,0,0,,,,
2020-03-02,China,Inner Mongolia,2534,75,0,0,0,0,,,,
2020-03-02,China,Jiangsu,8051,631,0,0,0,0,,,,
2020-03-02,China,Jiangxi,4648,935,1,0,0,0,,,,
2020-03-02,China,Jilin,2704,93,1,0,2,0,,,,
2020-03-02,China,Liaoning,4359,122,1,0,16,0,,,,
2020-03-02,China,Macao SAR,66,10,0,0,0,0,,,,
2020-03-02,China,Ningxia,688,74,0,1,0,0,,,,
2020-03-02,China,Qinghai,603,18,0,0,0,0,,,,
2020-03-02,China,Shaanxi,3864,245,1,0,0,0,,,,
2020-03-02,China,Shandong,10047,758,6,2,0,0,,,,
2020-03-02,China,Shanghai,2424,337,3,0,11,0,,,,
2020-03-02,China,Shanxi,3718,133,0,0,0,0,,,,
2020-03-02,China,Sichuan,8341,538,3,0,2,0,,,,
2020-03-02,China,Taiwan,2359,40,1,1,0,0,,,,
2020-03-02,China,Tianjin,1560,136,3,0,9,0,,,,
2020-03-02,China,Xinjiang,2487,76,3,0,0,0,,,,
2020-03-02,China,Xizang,344,1,0,0,0,0,,,,
2020-03-02,China,Yunnan,4830,174,2,0,3,0,,,,
2020-03-02,China,Zhejiang,5737,1206,1,1,4,0,,,,
