date,country,adm,n_cum_conf,n_cum_deaths,n_inc_conf,n_inc_deaths,class
2020-01-20,Japan,all,1,,,,
2020-01-20,South Korea,all,1,,,,
2020-01-20,Thailand,all,2,,,,
2020-01-21,Japan,all,1,,,,
2020-01-21,South Korea,all,1,,,,
2020-01-23,Japan,all,1,,,,
2020-01-23,South Korea,all,1,,,,
2020-01-23,Thailand,all,4,,,,
2020-01-23,USA,all,1,,,,
2020-01-24,Japan,all,1,,,,
2020-01-24,Singapore,all,1,,,,
2020-01-24,South Korea,all,2,,,,
2020-01-24,Thailand,all,4,,,,
2020-01-24,USA,all,1,,,,
2020-01-24,Vietnam,all,1,,,,
2020-01-25,Australia,all,3,,,,
2020-01-25,France,all,3,,,,
2020-01-25,Japan,all,3,,,,
2020-01-25,Nepal,all,1,,,,
2020-01-25,Singapore,all,3,,,,
2020-01-25,South Korea,all,2,,,,
2020-01-25,Thailand,all,4,,,,
2020-01-25,USA,all,2,,,,
2020-01-25,Vietnam,all,2,,,,
2020-01-26,Australia,all,4,,,,
2020-01-26,France,all,3,,,,
2020-01-26,Japan,all,3,,,,
2020-01-26,Malaysia,all,3,,,,
2020-01-26,Nepal,all,1,,,,
2020-01-26,Singapore,all,4,,,,
2020-01-26,South Korea,all,2,,,,
2020-01-26,Thailand,all,5,,,,
2020-01-26,USA,all,2,,,,
2020-01-26,Vietnam,all,2,,,,
2020-01-27,Australia,all,4,,,,
2020-01-27,Canada,all,1,,,,
2020-01-27,France,all,3,,,,
2020-01-27,Japan,all,4,,,,
2020-01-27,Malaysia,all,4,,,,
2020-01-27,Nepal,all,1,,,,
2020-01-27,Singapore,all,4,,,,
2020-01-27,South Korea,all,4,,,,
2020-01-27,Thailand,all,5,,,,
2020-01-27,USA,all,5,,,,
2020-01-27,Vietnam,all,2,,,,
2020-01-28,Australia,all,5,,,,
2020-01-28,Cambodia,all,1,,,,
2020-01-28,Canada,all,2,,,,
2020-01-28,France,all,3,,,,
2020-01-28,Germany,all,1,,,,
2020-01-28,Japan,all,6,,,,
2020-01-28,Malaysia,all,4,,,,
2020-01-28,Nepal,all,1,,,,
2020-01-28,Singapore,all,7,,,,
2020-01-28,South Korea,all,4,,,,
2020-01-28,Sri Lanka,all,1,,,,
2020-01-28,Thailand,all,14,,,,
2020-01-28,USA,all,5,,,,
2020-01-28,Vietnam,all,2,,,,
2020-01-29,Australia,all,7,,,,
2020-01-29,Cambodia,all,1,,,,
2020-01-29,Canada,all,3,,,,
2020-01-29,Finland,all,1,,,,
2020-01-29,France,all,4,,,,
2020-01-29,Germany,all,4,,,,
2020-01-29,India,all,1,,,,
2020-01-29,Japan,all,7,,,,
2020-01-29,Malaysia,all,4,,,,
2020-01-29,Nepal,all,1,,,,
2020-01-29,Philippines,all,1,,,,
2020-01-29,Singapore,all,7,,,,
2020-01-29,South Korea,all,4,,,,
2020-01-29,Sri Lanka,all,1,,,,
2020-01-29,Thailand,all,14,,,,
2020-01-29,United Arab Emirates,all,4,,,,
2020-01-29,USA,all,5,,,,
2020-01-29,Vietnam,all,2,,,,
2020-01-30,Australia,all,7,,,,
2020-01-30,Cambodia,all,1,,,,
2020-01-30,Canada,all,3,,,,
2020-01-30,Finland,all,1,,,,
2020-01-30,France,all,5,,,,
2020-01-30,Germany,all,4,,,,
2020-01-30,India,all,1,,,,
2020-01-30,Japan,all,11,,,,
2020-01-30,Malaysia,all,7,,,,
2020-01-30,Nepal,all,1,,,,
2020-01-30,Philippines,all,1,,,,
2020-01-30,Singapore,all,10,,,,
2020-01-30,South Korea,all,4,,,,
2020-01-30,Sri Lanka,all,1,,,,
2020-01-30,Thailand,all,14,,,,
2020-01-30,United Arab Emirates,all,4,,,,
2020-01-30,USA,all,5,,,,
2020-01-30,Vietnam,all,2,,,,
2020-01-31,Australia,all,9,,,,
2020-01-31,Cambodia,all,1,,,,
2020-01-31,Canada,all,3,,,,
2020-01-31,Finland,all,1,,,,
2020-01-31,France,all,6,,,,
2020-01-31,Germany,all,5,,,,
2020-01-31,India,all,1,,,,
2020-01-31,Italy,all,2,,,,
2020-01-31,Japan,all,14,,,,
2020-01-31,Malaysia,all,8,,,,
2020-01-31,Nepal,all,1,,,,
2020-01-31,Philippines,all,1,,,,
2020-01-31,Singapore,all,13,,,,
2020-01-31,South Korea,all,11,,,,
2020-01-31,Sri Lanka,all,1,,,,
2020-01-31,Thailand,all,14,,,,
2020-01-31,United Arab Emirates,all,4,,,,
2020-01-31,USA,all,6,,,,
2020-01-31,Vietnam,all,5,,,,
2020-02-01,Australia,all,12,,,,
2020-02-01,Cambodia,all,1,,,,
2020-02-01,Canada,all,4,,,,
2020-02-01,Finland,all,1,,,,
2020-02-01,France,all,6,,,,
2020-02-01,Germany,all,7,,,,
2020-02-01,India,all,1,,,,
2020-02-01,Italy,all,2,,,,
2020-02-01,Japan,all,17,,,,
2020-02-01,Malaysia,all,8,,,,
2020-02-01,Nepal,all,1,,,,
2020-02-01,Philippines,all,1,,,,
2020-02-01,Russia,all,2,,,,
2020-02-01,Singapore,all,16,,,,
2020-02-01,South Korea,all,12,,,,
2020-02-01,Spain,all,1,,,,
2020-02-01,Sri Lanka,all,1,,,,
2020-02-01,Sweden,all,1,,,,
2020-02-01,Thailand,all,19,,,,
2020-02-01,UK,all,2,,,,
2020-02-01,United Arab Emirates,all,4,,,,
2020-02-01,USA,all,7,,,,
2020-02-01,Vietnam,all,6,,,,
2020-02-02,Australia,all,12,,,,
2020-02-02,Cambodia,all,1,,,,
2020-02-02,Canada,all,4,,,,
2020-02-02,Finland,all,1,,,,
2020-02-02,France,all,6,,,,
2020-02-02,Germany,all,8,,,,
2020-02-02,India,all,2,,,,
2020-02-02,Italy,all,2,,,,
2020-02-02,Japan,all,20,,,,
2020-02-02,Malaysia,all,8,,,,
2020-02-02,Nepal,all,1,,,,
2020-02-02,Philippines,all,2,,,,
2020-02-02,Russia,all,2,,,,
2020-02-02,Singapore,all,18,,,,
2020-02-02,South Korea,all,15,,,,
2020-02-02,Spain,all,1,,,,
2020-02-02,Sri Lanka,all,1,,,,
2020-02-02,Sweden,all,1,,,,
2020-02-02,Thailand,all,19,,,,
2020-02-02,UK,all,2,,,,
2020-02-02,United Arab Emirates,all,5,,,,
2020-02-02,USA,all,8,,,,
2020-02-02,Vietnam,all,7,,,,
2020-02-03,Australia,all,12,,,,
2020-02-03,Cambodia,all,1,,,,
2020-02-03,Canada,all,4,,,,
2020-02-03,Finland,all,1,,,,
2020-02-03,France,all,6,,,,
2020-02-03,Germany,all,10,,,,
2020-02-03,India,all,3,,,,
2020-02-03,Italy,all,2,,,,
2020-02-03,Japan,all,20,,,,
2020-02-03,Malaysia,all,8,,,,
2020-02-03,Nepal,all,1,,,,
2020-02-03,Philippines,all,2,,,,
2020-02-03,Russia,all,2,,,,
2020-02-03,Singapore,all,18,,,,
2020-02-03,South Korea,all,15,,,,
2020-02-03,Spain,all,1,,,,
2020-02-03,Sri Lanka,all,1,,,,
2020-02-03,Sweden,all,1,,,,
2020-02-03,Thailand,all,19,,,,
2020-02-03,UK,all,2,,,,
2020-02-03,United Arab Emirates,all,5,,,,
2020-02-03,USA,all,11,,,,
2020-02-03,Vietnam,all,8,,,,
2020-02-04,Australia,all,12,,,,
2020-02-04,Cambodia,all,1,,,,
2020-02-04,Canada,all,4,,,,
2020-02-04,Finland,all,1,,,,
2020-02-04,France,all,6,,,,
2020-02-04,Germany,all,12,,,,
2020-02-04,India,all,3,,,,
2020-02-04,Italy,all,2,,,,
2020-02-04,Japan,all,20,,,,
2020-02-04,Malaysia,all,10,,,,
2020-02-04,Nepal,all,1,,,,
2020-02-04,Philippines,all,2,,,,
2020-02-04,Russia,all,2,,,,
2020-02-04,Singapore,all,18,,,,
2020-02-04,South Korea,all,16,,,,
2020-02-04,Spain,all,1,,,,
2020-02-04,Sri Lanka,all,1,,,,
2020-02-04,Sweden,all,1,,,,
2020-02-04,Thailand,all,19,,,,
2020-02-04,UK,all,2,,,,
2020-02-04,United Arab Emirates,all,5,,,,
2020-02-04,USA,all,11,,,,
2020-02-04,Vietnam,all,9,,,,
2020-02-05,Australia,all,13,,,,
2020-02-05,Belgium,all,1,,,,
2020-02-05,Cambodia,all,1,,,,
2020-02-05,Canada,all,5,,,,
2020-02-05,Finland,all,1,,,,
2020-02-05,France,all,6,,,,
2020-02-05,Germany,all,12,,,,
2020-02-05,India,all,3,,,,
2020-02-05,Italy,all,2,,,,
2020-02-05,Japan,all,23,,,,
2020-02-05,Malaysia,all,10,,,,
2020-02-05,Nepal,all,1,,,,
2020-02-05,Philippines,all,3,,,,
2020-02-05,Russia,all,2,,,,
2020-02-05,Singapore,all,24,,,,
2020-02-05,South Korea,all,18,,,,
2020-02-05,Spain,all,1,,,,
2020-02-05,Sri Lanka,all,1,,,,
2020-02-05,Sweden,all,1,,,,
2020-02-05,Thailand,all,25,,,,
2020-02-05,UK,all,2,,,,
2020-02-05,United Arab Emirates,all,5,,,,
2020-02-05,USA,all,11,,,,
2020-02-05,Vietnam,all,10,,,,
2020-02-06,Australia,all,14,,,,
2020-02-06,Belgium,all,1,,,,
2020-02-06,Cambodia,all,1,,,,
2020-02-06,Canada,all,5,,,,
2020-02-06,Finland,all,1,,,,
2020-02-06,France,all,6,,,,
2020-02-06,Germany,all,12,,,,
2020-02-06,India,all,3,,,,
2020-02-06,Italy,all,2,,,,
2020-02-06,Japan,all,25,,,,
2020-02-06,Malaysia,all,12,,,,
2020-02-06,Nepal,all,1,,,,
2020-02-06,Philippines,all,3,,,,
2020-02-06,Russia,all,2,,,,
2020-02-06,Singapore,all,28,,,,
2020-02-06,South Korea,all,23,,,,
2020-02-06,Spain,all,1,,,,
2020-02-06,Sri Lanka,all,1,,,,
2020-02-06,Sweden,all,1,,,,
2020-02-06,Thailand,all,25,,,,
2020-02-06,UK,all,2,,,,
2020-02-06,United Arab Emirates,all,5,,,,
2020-02-06,USA,all,12,,,,
2020-02-06,Vietnam,all,10,,,,
2020-02-07,Australia,all,15,,,,
2020-02-07,Belgium,all,1,,,,
2020-02-07,Cambodia,all,1,,,,
2020-02-07,Canada,all,7,,,,
2020-02-07,Finland,all,1,,,,
2020-02-07,France,all,6,,,,
2020-02-07,Germany,all,13,,,,
2020-02-07,India,all,3,,,,
2020-02-07,Italy,all,3,,,,
2020-02-07,Japan,all,25,,,,
2020-02-07,Malaysia,all,14,,,,
2020-02-07,Nepal,all,1,,,,
2020-02-07,Philippines,all,3,,,,
2020-02-07,Russia,all,2,,,,
2020-02-07,Singapore,all,30,,,,
2020-02-07,South Korea,all,24,,,,
2020-02-07,Spain,all,1,,,,
2020-02-07,Sri Lanka,all,1,,,,
2020-02-07,Sweden,all,1,,,,
2020-02-07,Thailand,all,25,,,,
2020-02-07,UK,all,3,,,,
2020-02-07,United Arab Emirates,all,5,,,,
2020-02-07,USA,all,12,,,,
2020-02-07,Vietnam,all,12,,,,
2020-02-08,Australia,all,15,,,,
2020-02-08,Belgium,all,1,,,,
2020-02-08,Cambodia,all,1,,,,
2020-02-08,Canada,all,7,,,,
2020-02-08,Finland,all,1,,,,
2020-02-08,France,all,6,,,,
2020-02-08,Germany,all,14,,,,
2020-02-08,India,all,3,,,,
2020-02-08,Italy,all,3,,,,
2020-02-08,Japan,all,25,,,,
2020-02-08,Malaysia,all,15,,,,
2020-02-08,Nepal,all,1,,,,
2020-02-08,Philippines,all,3,,,,
2020-02-08,Russia,all,2,,,,
2020-02-08,Singapore,all,33,,,,
2020-02-08,South Korea,all,24,,,,
2020-02-08,Spain,all,1,,,,
2020-02-08,Sri Lanka,all,1,,,,
2020-02-08,Sweden,all,1,,,,
2020-02-08,Thailand,all,32,,,,
2020-02-08,UK,all,3,,,,
2020-02-08,United Arab Emirates,all,7,,,,
2020-02-08,USA,all,12,,,,
2020-02-08,Vietnam,all,13,,,,
2020-02-09,Australia,all,15,,,,
2020-02-09,Belgium,all,1,,,,
2020-02-09,Cambodia,all,1,,,,
2020-02-09,Canada,all,7,,,,
2020-02-09,Finland,all,1,,,,
2020-02-09,France,all,11,,,,
2020-02-09,Germany,all,14,,,,
2020-02-09,India,all,3,,,,
2020-02-09,Italy,all,3,,,,
2020-02-09,Japan,all,26,,,,
2020-02-09,Malaysia,all,17,,,,
2020-02-09,Nepal,all,1,,,,
2020-02-09,Philippines,all,3,,,,
2020-02-09,Russia,all,2,,,,
2020-02-09,Singapore,all,40,,,,
2020-02-09,South Korea,all,27,,,,
2020-02-09,Spain,all,1,,,,
2020-02-09,Sri Lanka,all,1,,,,
2020-02-09,Sweden,all,1,,,,
2020-02-09,Thailand,all,32,,,,
2020-02-09,UK,all,3,,,,
2020-02-09,United Arab Emirates,all,7,,,,
2020-02-09,USA,all,12,,,,
2020-02-09,Vietnam,all,14,,,,
2020-02-10,Australia,all,15,,,,
2020-02-10,Belgium,all,1,,,,
2020-02-10,Cambodia,all,1,,,,
2020-02-10,Canada,all,7,,,,
2020-02-10,Finland,all,1,,,,
2020-02-10,France,all,11,,,,
2020-02-10,Germany,all,14,,,,
2020-02-10,India,all,3,,,,
2020-02-10,Italy,all,3,,,,
2020-02-10,Japan,all,26,,,,
2020-02-10,Malaysia,all,18,,,,
2020-02-10,Nepal,all,1,,,,
2020-02-10,Philippines,all,3,,,,
2020-02-10,Russia,all,2,,,,
2020-02-10,Singapore,all,43,,,,
2020-02-10,South Korea,all,27,,,,
2020-02-10,Spain,all,1,,,,
2020-02-10,Sri Lanka,all,1,,,,
2020-02-10,Sweden,all,1,,,,
2020-02-10,Thailand,all,32,,,,
2020-02-10,UK,all,3,,,,
2020-02-10,United Arab Emirates,all,7,,,,
2020-02-10,USA,all,12,,,,
2020-02-10,Vietnam,all,14,,,,
2020-02-11,Australia,all,15,,,,
2020-02-11,Belgium,all,1,,,,
2020-02-11,Cambodia,all,1,,,,
2020-02-11,Canada,all,7,,,,
2020-02-11,Finland,all,1,,,,
2020-02-11,France,all,11,,,,
2020-02-11,Germany,all,14,,,,
2020-02-11,India,all,3,,,,
2020-02-11,Italy,all,3,,,,
2020-02-11,Japan,all,26,,,,
2020-02-11,Malaysia,all,18,,,,
2020-02-11,Nepal,all,1,,,,
2020-02-11,Philippines,all,3,,,,
2020-02-11,Russia,all,2,,,,
2020-02-11,Singapore,all,45,,,,
2020-02-11,South Korea,all,28,,,,
2020-02-11,Spain,all,2,,,,
2020-02-11,Sri Lanka,all,1,,,,
2020-02-11,Sweden,all,1,,,,
2020-02-11,Thailand,all,33,,,,
2020-02-11,UK,all,8,,,,
2020-02-11,United Arab Emirates,all,8,,,,
2020-02-11,USA,all,13,,,,
2020-02-11,Vietnam,all,15,,,,
2020-02-12,Australia,all,15,,,,
2020-02-12,Belgium,all,1,,,,
2020-02-12,Cambodia,all,1,,,,
2020-02-12,Canada,all,7,,,,
2020-02-12,Finland,all,1,,,,
2020-02-12,France,all,11,,,,
2020-02-12,Germany,all,16,,,,
2020-02-12,India,all,3,,,,
2020-02-12,Italy,all,3,,,,
2020-02-12,Japan,all,28,,,,
2020-02-12,Malaysia,all,18,,,,
2020-02-12,Nepal,all,1,,,,
2020-02-12,Philippines,all,3,,,,
2020-02-12,Russia,all,2,,,,
2020-02-12,Singapore,all,47,,,,
2020-02-12,South Korea,all,28,,,,
2020-02-12,Spain,all,2,,,,
2020-02-12,Sri Lanka,all,1,,,,
2020-02-12,Sweden,all,1,,,,
2020-02-12,Thailand,all,33,,,,
2020-02-12,UK,all,8,,,,
2020-02-12,United Arab Emirates,all,8,,,,
2020-02-12,USA,all,13,,,,
2020-02-12,Vietnam,all,15,,,,
2020-02-13,Australia,all,15,,,,
2020-02-13,Belgium,all,1,,,,
2020-02-13,Cambodia,all,1,,,,
2020-02-13,Canada,all,7,,,,
2020-02-13,Finland,all,1,,,,
2020-02-13,France,all,11,,,,
2020-02-13,Germany,all,16,,,,
2020-02-13,India,all,3,,,,
2020-02-13,Italy,all,3,,,,
2020-02-13,Japan,all,29,,,,
2020-02-13,Malaysia,all,18,,,,
2020-02-13,Nepal,all,1,,,,
2020-02-13,Philippines,all,3,,,,
2020-02-13,Russia,all,2,,,,
2020-02-13,Singapore,all,50,,,,
2020-02-13,South Korea,all,28,,,,
2020-02-13,Spain,all,2,,,,
2020-02-13,Sri Lanka,all,1,,,,
2020-02-13,Sweden,all,1,,,,
2020-02-13,Thailand,all,33,,,,
2020-02-13,UK,all,9,,,,
2020-02-13,United Arab Emirates,all,8,,,,
2020-02-13,USA,all,14,,,,
2020-02-13,Vietnam,all,16,,,,
2020-02-14,Australia,all,15,,,,
2020-02-14,Belgium,all,1,,,,
2020-02-14,Cambodia,all,1,,,,
2020-02-14,Canada,all,7,,,,
2020-02-14,Finland,all,1,,,,
2020-02-14,France,all,11,,,,
2020-02-14,Germany,all,16,,,,
2020-02-14,India,all,3,,,,
2020-02-14,Italy,all,3,,,,
2020-02-14,Japan,all,33,,,,
2020-02-14,Malaysia,all,19,,,,
2020-02-14,Nepal,all,1,,,,
2020-02-14,Philippines,all,3,,,,
2020-02-14,Russia,all,2,,,,
2020-02-14,Singapore,all,58,,,,
2020-02-14,South Korea,all,28,,,,
2020-02-14,Spain,all,2,,,,
2020-02-14,Sri Lanka,all,1,,,,
2020-02-14,Sweden,all,1,,,,
2020-02-14,Thailand,all,33,,,,
2020-02-14,UK,all,9,,,,
2020-02-14,United Arab Emirates,all,8,,,,
2020-02-14,USA,all,15,,,,
2020-02-14,Vietnam,all,16,,,,
2020-02-15,Australia,all,15,,,,
2020-02-15,Belgium,all,1,,,,
2020-02-15,Cambodia,all,1,,,,
2020-02-15,Canada,all,7,,,,
2020-02-15,Egypt,all,1,,,,
2020-02-15,Finland,all,1,,,,
2020-02-15,France,all,11,,,,
2020-02-15,Germany,all,16,,,,
2020-02-15,India,all,3,,,,
2020-02-15,Italy,all,3,,,,
2020-02-15,Japan,all,41,,,,
2020-02-15,Malaysia,all,21,,,,
2020-02-15,Nepal,all,1,,,,
2020-02-15,Philippines,all,3,,,,
2020-02-15,Russia,all,2,,,,
2020-02-15,Singapore,all,67,,,,
2020-02-15,South Korea,all,28,,,,
2020-02-15,Spain,all,2,,,,
2020-02-15,Sri Lanka,all,1,,,,
2020-02-15,Sweden,all,1,,,,
2020-02-15,Thailand,all,34,,,,
2020-02-15,UK,all,9,,,,
2020-02-15,United Arab Emirates,all,8,,,,
2020-02-15,USA,all,15,,,,
2020-02-15,Vietnam,all,16,,,,
2020-02-16,Australia,all,15,,,,
2020-02-16,Belgium,all,1,,,,
2020-02-16,Cambodia,all,1,,,,
2020-02-16,Canada,all,7,,,,
2020-02-16,Egypt,all,1,,,,
2020-02-16,Finland,all,1,,,,
2020-02-16,France,all,12,,,,
2020-02-16,Germany,all,16,,,,
2020-02-16,India,all,3,,,,
2020-02-16,Italy,all,3,,,,
2020-02-16,Japan,all,53,,,,
2020-02-16,Malaysia,all,22,,,,
2020-02-16,Nepal,all,1,,,,
2020-02-16,Philippines,all,3,,,,
2020-02-16,Russia,all,2,,,,
2020-02-16,Singapore,all,72,,,,
2020-02-16,South Korea,all,29,,,,
2020-02-16,Spain,all,2,,,,
2020-02-16,Sri Lanka,all,1,,,,
2020-02-16,Sweden,all,1,,,,
2020-02-16,Thailand,all,34,,,,
2020-02-16,UK,all,9,,,,
2020-02-16,United Arab Emirates,all,8,,,,
2020-02-16,USA,all,15,,,,
2020-02-16,Vietnam,all,16,,,,
2020-02-17,Australia,all,15,,,,
2020-02-17,Belgium,all,1,,,,
2020-02-17,Cambodia,all,1,,,,
2020-02-17,Canada,all,7,,,,
2020-02-17,Egypt,all,1,,,,
2020-02-17,Finland,all,1,,,,
2020-02-17,France,all,12,,,,
2020-02-17,Germany,all,16,,,,
2020-02-17,India,all,3,,,,
2020-02-17,Italy,all,3,,,,
2020-02-17,Japan,all,59,,,,
2020-02-17,Malaysia,all,22,,,,
2020-02-17,Nepal,all,1,,,,
2020-02-17,Philippines,all,3,,,,
2020-02-17,Russia,all,2,,,,
2020-02-17,Singapore,all,75,,,,
2020-02-17,South Korea,all,30,,,,
2020-02-17,Spain,all,2,,,,
2020-02-17,Sri Lanka,all,1,,,,
2020-02-17,Sweden,all,1,,,,
2020-02-17,Thailand,all,35,,,,
2020-02-17,UK,all,9,,,,
2020-02-17,United Arab Emirates,all,9,,,,
2020-02-17,USA,all,15,,,,
2020-02-17,Vietnam,all,16,,,,
2020-02-18,Australia,all,15,,,,
2020-02-18,Belgium,all,1,,,,
2020-02-18,Cambodia,all,1,,,,
2020-02-18,Canada,all,8,,,,
2020-02-18,Egypt,all,1,,,,
2020-02-18,Finland,all,1,,,,
2020-02-18,France,all,12,,,,
2020-02-18,Germany,all,16,,,,
2020-02-18,India,all,3,,,,
2020-02-18,Italy,all,3,,,,
2020-02-18,Japan,all,65,,,,
2020-02-18,Malaysia,all,22,,,,
2020-02-18,Nepal,all,1,,,,
2020-02-18,Philippines,all,3,,,,
2020-02-18,Russia,all,2,,,,
2020-02-18,Singapore,all,77,,,,
2020-02-18,South Korea,all,31,,,,
2020-02-18,Spain,all,2,,,,
2020-02-18,Sri Lanka,all,1,,,,
2020-02-18,Sweden,all,1,,,,
2020-02-18,Thailand,all,35,,,,
2020-02-18,UK,all,9,,,,
2020-02-18,United Arab Emirates,all,9,,,,
2020-02-18,USA,all,15,,,,
2020-02-18,Vietnam,all,16,,,,
2020-02-19,Australia,all,15,,,,
2020-02-19,Belgium,all,1,,,,
2020-02-19,Cambodia,all,1,,,,
2020-02-19,Canada,all,8,,,,
2020-02-19,Egypt,all,1,,,,
2020-02-19,Finland,all,1,,,,
2020-02-19,France,all,12,,,,
2020-02-19,Germany,all,16,,,,
2020-02-19,India,all,3,,,,
2020-02-19,Italy,all,3,,,,
2020-02-19,Japan,all,73,,,,
2020-02-19,Malaysia,all,22,,,,
2020-02-19,Nepal,all,1,,,,
2020-02-19,Philippines,all,3,,,,
2020-02-19,Russia,all,2,,,,
2020-02-19,Singapore,all,81,,,,
2020-02-19,South Korea,all,51,,,,
2020-02-19,Spain,all,2,,,,
2020-02-19,Sri Lanka,all,1,,,,
2020-02-19,Sweden,all,1,,,,
2020-02-19,Thailand,all,35,,,,
2020-02-19,UK,all,9,,,,
2020-02-19,United Arab Emirates,all,9,,,,
2020-02-19,USA,all,15,,,,
2020-02-19,Vietnam,all,16,,,,
2020-02-20,Australia,all,15,,,,
2020-02-20,Belgium,all,1,,,,
2020-02-20,Cambodia,all,1,,,,
2020-02-20,Canada,all,8,,,,
2020-02-20,Egypt,all,1,,,,
2020-02-20,Finland,all,1,,,,
2020-02-20,France,all,12,,,,
2020-02-20,Germany,all,16,,,,
2020-02-20,India,all,3,,,,
2020-02-20,Iran,all,2,,,,
2020-02-20,Italy,all,3,,,,
2020-02-20,Japan,all,85,,,,
2020-02-20,Malaysia,all,22,,,,
2020-02-20,Nepal,all,1,,,,
2020-02-20,Philippines,all,3,,,,
2020-02-20,Russia,all,2,,,,
2020-02-20,Singapore,all,84,,,,
2020-02-20,South Korea,all,104,,,,
2020-02-20,Spain,all,2,,,,
2020-02-20,Sri Lanka,all,1,,,,
2020-02-20,Sweden,all,1,,,,
2020-02-20,Thailand,all,35,,,,
2020-02-20,UK,all,9,,,,
2020-02-20,United Arab Emirates,all,9,,,,
2020-02-20,USA,all,15,,,,
2020-02-20,Vietnam,all,16,,,,
2020-02-21,Australia,all,16,,,,
2020-02-21,Belgium,all,1,,,,
2020-02-21,Cambodia,all,1,,,,
2020-02-21,Canada,all,8,,,,
2020-02-21,Egypt,all,1,,,,
2020-02-21,Finland,all,1,,,,
2020-02-21,France,all,12,,,,
2020-02-21,Germany,all,16,,,,
2020-02-21,India,all,3,,,,
2020-02-21,Iran,all,5,,,,
2020-02-21,Italy,all,3,,,,
2020-02-21,Japan,all,93,,,,
2020-02-21,Malaysia,all,22,,,,
2020-02-21,Nepal,all,1,,,,
2020-02-21,Philippines,all,3,,,,
2020-02-21,Russia,all,2,,,,
2020-02-21,Singapore,all,85,,,,
2020-02-21,South Korea,all,204,,,,
2020-02-21,Spain,all,2,,,,
2020-02-21,Sri Lanka,all,1,,,,
2020-02-21,Sweden,all,1,,,,
2020-02-21,Thailand,all,35,,,,
2020-02-21,UK,all,9,,,,
2020-02-21,United Arab Emirates,all,9,,,,
2020-02-21,USA,all,15,,,,
2020-02-21,Vietnam,all,16,,,,
2020-02-22,Australia,all,21,,,,
2020-02-22,Belgium,all,1,,,,
2020-02-22,Cambodia,all,1,,,,
2020-02-22,Canada,all,8,,,,
2020-02-22,Egypt,all,1,,,,
2020-02-22,Finland,all,1,,,,
2020-02-22,France,all,12,,,,
2020-02-22,Germany,all,16,,,,
2020-02-22,India,all,3,,,,
2020-02-22,Iran,all,18,,,,
2020-02-22,Israel,all,1,,,,
2020-02-22,Italy,all,9,,,,
2020-02-22,Japan,all,105,,,,
2020-02-22,Lebanon,all,1,,,,
2020-02-22,Malaysia,all,22,,,,
2020-02-22,Nepal,all,1,,,,
2020-02-22,Philippines,all,3,,,,
2020-02-22,Russia,all,2,,,,
2020-02-22,Singapore,all,86,,,,
2020-02-22,South Korea,all,346,,,,
2020-02-22,Spain,all,2,,,,
2020-02-22,Sri Lanka,all,1,,,,
2020-02-22,Sweden,all,1,,,,
2020-02-22,Thailand,all,35,,,,
2020-02-22,UK,all,9,,,,
2020-02-22,United Arab Emirates,all,11,,,,
2020-02-22,USA,all,35,,,,
2020-02-22,Vietnam,all,16,,,,
2020-02-23,Australia,all,22,,,,
2020-02-23,Belgium,all,1,,,,
2020-02-23,Cambodia,all,1,,,,
2020-02-23,Canada,all,9,,,,
2020-02-23,Egypt,all,1,,,,
2020-02-23,Finland,all,1,,,,
2020-02-23,France,all,12,,,,
2020-02-23,Germany,all,16,,,,
2020-02-23,India,all,3,,,,
2020-02-23,Iran,all,28,,,,
2020-02-23,Israel,all,1,,,,
2020-02-23,Italy,all,76,,,,
2020-02-23,Japan,all,132,,,,
2020-02-23,Lebanon,all,1,,,,
2020-02-23,Malaysia,all,22,,,,
2020-02-23,Nepal,all,1,,,,
2020-02-23,Philippines,all,3,,,,
2020-02-23,Russia,all,2,,,,
2020-02-23,Singapore,all,89,,,,
2020-02-23,South Korea,all,602,,,,
2020-02-23,Spain,all,2,,,,
2020-02-23,Sri Lanka,all,1,,,,
2020-02-23,Sweden,all,1,,,,
2020-02-23,Thailand,all,35,,,,
2020-02-23,UK,all,9,,,,
2020-02-23,United Arab Emirates,all,13,,,,
2020-02-23,USA,all,35,,,,
2020-02-23,Vietnam,all,16,,,,
2020-02-24,Australia,all,22,,,,
2020-02-24,Belgium,all,1,,,,
2020-02-24,Cambodia,all,1,,,,
2020-02-24,Canada,all,9,,,,
2020-02-24,Egypt,all,1,,,,
2020-02-24,Finland,all,1,,,,
2020-02-24,France,all,12,,,,
2020-02-24,Germany,all,16,,,,
2020-02-24,India,all,3,,,,
2020-02-24,Iran,all,43,,,,
2020-02-24,Israel,all,1,,,,
2020-02-24,Italy,all,124,,,,
2020-02-24,Japan,all,144,,,,
2020-02-24,Kuwait,all,3,,,,
2020-02-24,Lebanon,all,1,,,,
2020-02-24,Malaysia,all,22,,,,
2020-02-24,Nepal,all,1,,,,
2020-02-24,Philippines,all,3,,,,
2020-02-24,Russia,all,2,,,,
2020-02-24,Singapore,all,89,,,,
2020-02-24,South Korea,all,763,,,,
2020-02-24,Spain,all,2,,,,
2020-02-24,Sri Lanka,all,1,,,,
2020-02-24,Sweden,all,1,,,,
2020-02-24,Thailand,all,35,,,,
2020-02-24,UK,all,9,,,,
2020-02-24,United Arab Emirates,all,13,,,,
2020-02-24,USA,all,35,,,,
2020-02-24,Vietnam,all,16,,,,
2020-02-25,Afghanistan,all,1,,,,
2020-02-25,Australia,all,22,,,,
2020-02-25,Bahrain,all,8,,,,
2020-02-25,Belgium,all,1,,,,
2020-02-25,Cambodia,all,1,,,,
2020-02-25,Canada,all,10,,,,
2020-02-25,Egypt,all,1,,,,
2020-02-25,Finland,all,1,,,,
2020-02-25,France,all,12,,,,
2020-02-25,Germany,all,16,,,,
2020-02-25,India,all,3,,,,
2020-02-25,Iran,all,61,,,,
2020-02-25,Iraq,all,1,,,,
2020-02-25,Israel,all,2,,,,
2020-02-25,Italy,all,229,,,,
2020-02-25,Japan,all,157,,,,
2020-02-25,Kuwait,all,8,,,,
2020-02-25,Lebanon,all,1,,,,
2020-02-25,Malaysia,all,22,,,,
2020-02-25,Nepal,all,1,,,,
2020-02-25,Oman,all,2,,,,
2020-02-25,Philippines,all,3,,,,
2020-02-25,Russia,all,2,,,,
2020-02-25,Singapore,all,90,,,,
2020-02-25,South Korea,all,977,,,,
2020-02-25,Spain,all,2,,,,
2020-02-25,Sri Lanka,all,1,,,,
2020-02-25,Sweden,all,1,,,,
2020-02-25,Thailand,all,37,,,,
2020-02-25,UK,all,13,,,,
2020-02-25,United Arab Emirates,all,13,,,,
2020-02-25,USA,all,53,,,,
2020-02-25,Vietnam,all,16,,,,
2020-02-26,Afghanistan,all,1,,,,
2020-02-26,Algeria,all,1,,,,
2020-02-26,Australia,all,23,,,,
2020-02-26,Austria,all,2,,,,
2020-02-26,Bahrain,all,26,,,,
2020-02-26,Belgium,all,1,,,,
2020-02-26,Cambodia,all,1,,,,
2020-02-26,Canada,all,10,,,,
2020-02-26,Croatia,all,2,,,,
2020-02-26,Egypt,all,1,,,,
2020-02-26,Finland,all,1,,,,
2020-02-26,France,all,12,,,,
2020-02-26,Germany,all,18,,,,
2020-02-26,India,all,3,,,,
2020-02-26,Iran,all,95,,,,
2020-02-26,Iraq,all,5,,,,
2020-02-26,Israel,all,2,,,,
2020-02-26,Italy,all,322,,,,
2020-02-26,Japan,all,164,,,,
2020-02-26,Kuwait,all,12,,,,
2020-02-26,Lebanon,all,1,,,,
2020-02-26,Malaysia,all,22,,,,
2020-02-26,Nepal,all,1,,,,
2020-02-26,Oman,all,4,,,,
2020-02-26,Philippines,all,3,,,,
2020-02-26,Russia,all,2,,,,
2020-02-26,Singapore,all,92,,,,
2020-02-26,South Korea,all,1261,,,,
2020-02-26,Spain,all,2,,,,
2020-02-26,Sri Lanka,all,1,,,,
2020-02-26,Sweden,all,1,,,,
2020-02-26,Switzerland,all,1,,,,
2020-02-26,Thailand,all,40,,,,
2020-02-26,UK,all,13,,,,
2020-02-26,United Arab Emirates,all,13,,,,
2020-02-26,USA,all,53,,,,
2020-02-26,Vietnam,all,16,,,,
2020-02-27,Afghanistan,all,1,,,,
2020-02-27,Algeria,all,1,,,,
2020-02-27,Australia,all,23,,,,
2020-02-27,Austria,all,2,,,,
2020-02-27,Bahrain,all,33,,,,
2020-02-27,Belgium,all,1,,,,
2020-02-27,Brazil,all,1,,,,
2020-02-27,Cambodia,all,1,,,,
2020-02-27,Canada,all,11,,,,
2020-02-27,Croatia,all,3,,,,
2020-02-27,Denmark,all,1,,,,
2020-02-27,Egypt,all,1,,,,
2020-02-27,Estonia,all,1,,,,
2020-02-27,Finland,all,2,,,,
2020-02-27,France,all,18,,,,
2020-02-27,Georgia,all,1,,,,
2020-02-27,Germany,all,21,,,,
2020-02-27,Greece,all,1,,,,
2020-02-27,India,all,3,,,,
2020-02-27,Iran,all,141,,,,
2020-02-27,Iraq,all,6,,,,
2020-02-27,Israel,all,2,,,,
2020-02-27,Italy,all,400,,,,
2020-02-27,Japan,all,186,,,,
2020-02-27,Kuwait,all,43,,,,
2020-02-27,Lebanon,all,2,,,,
2020-02-27,Malaysia,all,22,,,,
2020-02-27,Nepal,all,1,,,,
2020-02-27,North Macedonia,all,1,,,,
2020-02-27,Norway,all,1,,,,
2020-02-27,Oman,all,4,,,,
2020-02-27,Pakistan,all,2,,,,
2020-02-27,Philippines,all,3,,,,
2020-02-27,Romania,all,1,,,,
2020-02-27,Russia,all,2,,,,
2020-02-27,Singapore,all,93,,,,
2020-02-27,South Korea,all,1766,,,,
2020-02-27,Spain,all,12,,,,
2020-02-27,Sri Lanka,all,1,,,,
2020-02-27,Sweden,all,2,,,,
2020-02-27,Switzerland,all,1,,,,
2020-02-27,Thailand,all,40,,,,
2020-02-27,UK,all,13,,,,
2020-02-27,United Arab Emirates,all,13,,,,
2020-02-27,USA,all,59,,,,
2020-02-27,Vietnam,all,16,,,,
2020-02-28,Afghanistan,all,1,,,,
2020-02-28,Algeria,all,1,,,,
2020-02-28,Australia,all,23,,,,
2020-02-28,Austria,all,4,,,,
2020-02-28,Bahrain,all,33,,,,
2020-02-28,Belarus,all,1,,,,
2020-02-28,Belgium,all,1,,,,
2020-02-28,Brazil,all,1,,,,
2020-02-28,Cambodia,all,1,,,,
2020-02-28,Canada,all,11,,,,
2020-02-28,Croatia,all,3,,,,
2020-02-28,Denmark,all,1,,,,
2020-02-28,Egypt,all,1,,,,
2020-02-28,Estonia,all,1,,,,
2020-02-28,Finland,all,2,,,,
2020-02-28,France,all,38,,,,
2020-02-28,Georgia,all,1,,,,
2020-02-28,Germany,all,26,,,,
2020-02-28,Greece,all,3,,,,
2020-02-28,India,all,3,,,,
2020-02-28,Iran,all,245,,,,
2020-02-28,Iraq,all,7,,,,
2020-02-28,Israel,all,3,,,,
2020-02-28,Italy,all,650,,,,
2020-02-28,Japan,all,210,,,,
2020-02-28,Kuwait,all,43,,,,
2020-02-28,Lebanon,all,2,,,,
2020-02-28,Lithuania,all,1,,,,
2020-02-28,Malaysia,all,24,,,,
2020-02-28,Nepal,all,1,,,,
2020-02-28,Netherlands,all,1,,,,
2020-02-28,New Zealand,all,1,,,,
2020-02-28,Nigeria,all,1,,,,
2020-02-28,North Macedonia,all,1,,,,
2020-02-28,Norway,all,4,,,,
2020-02-28,Oman,all,6,,,,
2020-02-28,Pakistan,all,2,,,,
2020-02-28,Philippines,all,3,,,,
2020-02-28,Romania,all,1,,,,
2020-02-28,Russia,all,2,,,,
2020-02-28,Singapore,all,96,,,,
2020-02-28,South Korea,all,2337,,,,
2020-02-28,Spain,all,25,,,,
2020-02-28,Sri Lanka,all,1,,,,
2020-02-28,Sweden,all,7,,,,
2020-02-28,Switzerland,all,6,,,,
2020-02-28,Thailand,all,40,,,,
2020-02-28,UK,all,16,,,,
2020-02-28,United Arab Emirates,all,19,,,,
2020-02-28,USA,all,59,,,,
2020-02-28,Vietnam,all,16,,,,
2020-02-29,Afghanistan,all,1,,,,
2020-02-29,Algeria,all,1,,,,
2020-02-29,Australia,all,24,,,,
2020-02-29,Austria,all,5,,,,
2020-02-29,Bahrain,all,38,,,,
2020-02-29,Belarus,all,1,,,,
2020-02-29,Belgium,all,1,,,,
2020-02-29,Brazil,all,1,,,,
2020-02-29,Cambodia,all,1,,,,
2020-02-29,Canada,all,14,,,,
2020-02-29,Croatia,all,5,,,,
2020-02-29,Denmark,all,2,,,,
2020-02-29,Egypt,all,1,,,,
2020-02-29,Estonia,all,1,,,,
2020-02-29,Finland,all,2,,,,
2020-02-29,France,all,57,,,,
2020-02-29,Georgia,all,2,,,,
2020-02-29,Germany,all,57,,,,
2020-02-29,Greece,all,3,,,,
2020-02-29,India,all,3,,,,
2020-02-29,Iran,all,388,,,,
2020-02-29,Iraq,all,8,,,,
2020-02-29,Israel,all,5,,,,
2020-02-29,Italy,all,888,,,,
2020-02-29,Japan,all,230,,,,
2020-02-29,Kuwait,all,45,,,,
2020-02-29,Lebanon,all,2,,,,
2020-02-29,Lithuania,all,1,,,,
2020-02-29,Malaysia,all,24,,,,
2020-02-29,Mexico,all,2,,,,
2020-02-29,Nepal,all,1,,,,
2020-02-29,Netherlands,all,2,,,,
2020-02-29,New Zealand,all,1,,,,
2020-02-29,Nigeria,all,1,,,,
2020-02-29,North Macedonia,all,1,,,,
2020-02-29,Norway,all,6,,,,
2020-02-29,Oman,all,6,,,,
2020-02-29,Pakistan,all,2,,,,
2020-02-29,Philippines,all,3,,,,
2020-02-29,Romania,all,3,,,,
2020-02-29,Russia,all,2,,,,
2020-02-29,San Marino,all,1,,,,
2020-02-29,Singapore,all,98,,,,
2020-02-29,South Korea,all,3150,,,,
2020-02-29,Spain,all,32,,,,
2020-02-29,Sri Lanka,all,1,,,,
2020-02-29,Sweden,all,12,,,,
2020-02-29,Switzerland,all,10,,,,
2020-02-29,Thailand,all,42,,,,
2020-02-29,UK,all,20,,,,
2020-02-29,United Arab Emirates,all,19,,,,
2020-02-29,USA,all,62,,,,
2020-02-29,Vietnam,all,16,,,,
2020-03-01,Afghanistan,all,1,0,,,
2020-03-01,Algeria,all,1,0,,,
2020-03-01,Australia,all,25,0,,,
2020-03-01,Austria,all,10,0,,,
2020-03-01,Azerbaijan,all,3,0,,,
2020-03-01,Bahrain,all,40,0,,,
2020-03-01,Belarus,all,1,0,,,
2020-03-01,Belgium,all,1,0,,,
2020-03-01,Brazil,all,2,0,,,
2020-03-01,Cambodia,all,1,0,,,
2020-03-01,Canada,all,19,0,,,
2020-03-01,Croatia,all,7,0,,,
2020-03-01,Denmark,all,3,0,,,
2020-03-01,Ecuador,all,1,0,,,
2020-03-01,Egypt,all,1,0,,,
2020-03-01,Estonia,all,1,0,,,
2020-03-01,Finland,all,2,0,,,
2020-03-01,France,all,100,2,,,
2020-03-01,Georgia,all,3,0,,,
2020-03-01,Germany,all,57,0,,,
2020-03-01,Greece,all,3,0,,,
2020-03-01,India,all,3,0,,,
2020-03-01,Iran,all,593,43,,,
2020-03-01,Iraq,all,13,0,,,
2020-03-01,Ireland,all,1,0,,,
2020-03-01,Israel,all,7,0,,,
2020-03-01,Italy,all,1128,29,,,
2020-03-01,Japan,all,239,5,,,
2020-03-01,Kuwait,all,45,0,,,
2020-03-01,Lebanon,all,2,0,,,
2020-03-01,Lithuania,all,1,0,,,
2020-03-01,Malaysia,all,24,0,,,
2020-03-01,Mexico,all,2,0,,,
2020-03-01,Monaco,all,1,0,,,
2020-03-01,Nepal,all,1,0,,,
2020-03-01,Netherlands,all,7,0,,,
2020-03-01,New Zealand,all,1,0,,,
2020-03-01,Nigeria,all,1,0,,,
2020-03-01,North Macedonia,all,1,0,,,
2020-03-01,Norway,all,15,0,,,
2020-03-01,Oman,all,6,0,,,
2020-03-01,Pakistan,all,4,0,,,
2020-03-01,Philippines,all,3,1,,,
2020-03-01,Qatar,all,1,0,,,
2020-03-01,Romania,all,3,0,,,
2020-03-01,Russia,all,2,0,,,
2020-03-01,San Marino,all,1,0,,,
2020-03-01,Singapore,all,102,0,,,
2020-03-01,South Korea,all,3736,18,,,
2020-03-01,Spain,all,45,0,,,
2020-03-01,Sri Lanka,all,1,0,,,
2020-03-01,Sweden,all,13,0,,,
2020-03-01,Switzerland,all,18,0,,,
2020-03-01,Thailand,all,42,0,,,
2020-03-01,UK,all,23,0,,,
2020-03-01,United Arab Emirates,all,19,0,,,
2020-03-01,USA,all,62,0,,,
2020-03-01,Vietnam,all,16,0,,,
2020-03-02,Afghanistan,all,1,0,0,0,Imported cases only
2020-03-02,Algeria,all,1,0,0,0,Imported cases only
2020-03-02,Armenia,all,1,0,1,0,Imported cases only
2020-03-02,Australia,all,27,1,2,1,Local transmission
2020-03-02,Austria,all,10,0,0,0,Imported cases only
2020-03-02,Azerbaijan,all,3,0,0,0,Imported cases only
2020-03-02,Bahrain,all,47,0,7,0,Imported cases only
2020-03-02,Belarus,all,1,0,0,0,Imported cases only
2020-03-02,Belgium,all,1,0,0,0,Imported cases only
2020-03-02,Brazil,all,2,0,0,0,Imported cases only
2020-03-02,Cambodia,all,1,0,0,0,Imported cases only
2020-03-02,Canada,all,19,0,0,0,Local transmission
2020-03-02,Croatia,all,7,0,0,0,Local transmission
2020-03-02,Czechia,all,3,0,3,0,Imported cases only
2020-03-02,Denmark,all,4,0,1,0,Local transmission
2020-03-02,Dominican Republic,all,1,0,1,0,Imported cases only
2020-03-02,Ecuador,all,1,0,0,0,Local transmission
2020-03-02,Egypt,all,2,0,1,0,Imported cases only
2020-03-02,Estonia,all,1,0,0,0,Imported cases only
2020-03-02,Finland,all,6,0,4,0,Local transmission
2020-03-02,France,all,100,2,0,0,Local transmission
2020-03-02,Georgia,all,3,0,0,0,Imported cases only
2020-03-02,Germany,all,129,0,72,0,Local transmission
2020-03-02,Greece,all,7,0,4,0,Local transmission
2020-03-02,Iceland,all,2,0,2,0,Imported cases only
2020-03-02,India,all,3,0,0,0,Imported cases only
2020-03-02,Indonesia,all,2,0,2,0,Local transmission
2020-03-02,Iran,all,978,54,385,11,Local transmission
2020-03-02,Iraq,all,19,0,6,0,Imported cases only
2020-03-02,Ireland,all,1,0,0,0,Imported cases only
2020-03-02,Israel,all,7,0,0,0,Imported cases only
2020-03-02,Italy,all,1689,35,561,6,Local transmission
2020-03-02,Japan,all,254,6,15,1,Local transmission
2020-03-02,Kuwait,all,56,0,11,0,Imported cases only
2020-03-02,Lebanon,all,10,0,1,0,Imported cases only
2020-03-02,Lithuania,all,1,0,0,0,Imported cases only
2020-03-02,Luxembourg,all,1,0,1,0,Imported cases only
2020-03-02,Malaysia,all,24,0,0,0,Local transmission
2020-03-02,Mexico,all,5,0,3,0,Imported cases only
2020-03-02,Monaco,all,1,0,0,0,Under investigation
2020-03-02,Nepal,all,1,0,0,0,Imported cases only
2020-03-02,Netherlands,all,13,0,6,0,Local transmission
2020-03-02,New Zealand,all,1,0,0,0,Imported cases only
2020-03-02,Nigeria,all,1,0,0,0,Imported cases only
2020-03-02,North Macedonia,all,1,0,0,0,Imported cases only
2020-03-02,Norway,all,19,0,4,0,Local transmission
2020-03-02,Oman,all,6,0,0,0,Imported cases only
2020-03-02,Pakistan,all,4,0,0,0,Imported cases only
2020-03-02,Philippines,all,3,1,0,0,Imported cases only
2020-03-02,Qatar,all,3,0,2,0,Imported cases only
2020-03-02,Romania,all,3,0,0,0,Imported cases only
2020-03-02,Russia,all,2,0,0,0,Imported cases only
2020-03-02,San Marino,all,1,0,0,0,Local transmission
2020-03-02,Singapore,all,106,0,4,0,Local transmission
2020-03-02,South Korea,all,4212,22,476,4,Local transmission
2020-03-02,Spain,all,45,0,0,0,Local transmission
2020-03-02,Sri Lanka,all,1,0,0,0,Imported cases only
2020-03-02,Sweden,all,14,0,1,0,Imported cases only
2020-03-02,Switzerland,all,24,0,6,0,Local transmission
2020-03-02,Thailand,all,42,1,0,1,Local transmission
2020-03-02,UK,all,36,0,13,0,Local transmission
2020-03-02,United Arab Emirates,all,21,0,2,0,Local transmission
2020-03-02,USA,all,62,0,0,0,Local transmission
2020-03-02,Vietnam,all,16,0,0,0,Local transmission
2020-03-03,Afghanistan,all,1,0,0,0,Imported cases only
2020-03-03,Algeria,all,5,0,4,0,Local transmission
2020-03-03,Andorra,all,1,0,1,0,Imported cases only
2020-03-03,Armenia,all,1,0,0,0,Imported cases only
2020-03-03,Australia,all,33,1,6,0,Local transmission
2020-03-03,Austria,all,18,0,8,0,Imported cases only
2020-03-03,Azerbaijan,all,3,0,0,0,Imported cases only
2020-03-03,Bahrain,all,49,0,2,0,Imported cases only
2020-03-03,Belarus,all,1,0,0,0,Imported cases only
2020-03-03,Belgium,all,8,0,7,0,Imported cases only
2020-03-03,Brazil,all,2,0,0,0,Imported cases only
2020-03-03,Cambodia,all,1,0,0,0,Imported cases only
2020-03-03,Canada,all,27,0,8,0,Local transmission
2020-03-03,Croatia,all,9,0,2,0,Local transmission
2020-03-03,Czechia,all,3,0,0,0,Imported cases only
2020-03-03,Denmark,all,5,0,1,0,Local transmission
2020-03-03,Dominican Republic,all,1,0,0,0,Imported cases only
2020-03-03,Ecuador,all,6,0,5,0,Local transmission
2020-03-03,Egypt,all,2,0,0,0,Imported cases only
2020-03-03,Estonia,all,1,0,0,0,Imported cases only
2020-03-03,Finland,all,7,0,1,0,Local transmission
2020-03-03,France,all,191,3,91,1,Local transmission
2020-03-03,Georgia,all,3,0,0,0,Imported cases only
2020-03-03,Germany,all,157,0,28,0,Local transmission
2020-03-03,Greece,all,7,0,0,0,Local transmission
2020-03-03,Iceland,all,9,0,7,0,Imported cases only
2020-03-03,India,all,5,0,2,0,Imported cases only
2020-03-03,Indonesia,all,2,0,0,0,Local transmission
2020-03-03,Iran,all,1501,66,523,12,Local transmission
2020-03-03,Iraq,all,26,0,7,0,Imported cases only
2020-03-03,Ireland,all,1,0,0,0,Imported cases only
2020-03-03,Israel,all,10,0,3,0,Local transmission
2020-03-03,Italy,all,2036,52,347,17,Local transmission
2020-03-03,Japan,all,268,6,14,0,Local transmission
2020-03-03,Jordan,all,1,0,1,0,Imported cases only
2020-03-03,Kuwait,all,56,0,0,0,Imported cases only
2020-03-03,Latvia,all,1,0,1,0,Imported cases only
2020-03-03,Lebanon,all,13,0,3,0,Local transmission
2020-03-03,Lithuania,all,1,0,0,0,Imported cases only
2020-03-03,Luxembourg,all,1,0,0,0,Imported cases only
2020-03-03,Malaysia,all,29,0,5,0,Local transmission
2020-03-03,Mexico,all,5,0,0,0,Imported cases only
2020-03-03,Monaco,all,1,0,0,0,Under investigation
2020-03-03,Morocco,all,1,0,1,0,Imported cases only
2020-03-03,Nepal,all,1,0,0,0,Imported cases only
2020-03-03,Netherlands,all,18,0,5,0,Local transmission
2020-03-03,New Zealand,all,2,0,1,0,Imported cases only
2020-03-03,Nigeria,all,1,0,0,0,Imported cases only
2020-03-03,North Macedonia,all,1,0,0,0,Imported cases only
2020-03-03,Norway,all,25,0,6,0,Local transmission
2020-03-03,Oman,all,6,0,0,0,Imported cases only
2020-03-03,Pakistan,all,5,0,1,0,Imported cases only
2020-03-03,Philippines,all,3,1,0,0,Imported cases only
2020-03-03,Portugal,all,2,0,2,0,Imported cases only
2020-03-03,Qatar,all,7,0,4,0,Imported cases only
2020-03-03,Romania,all,3,0,0,0,Imported cases only
2020-03-03,Russia,all,3,0,1,0,Imported cases only
2020-03-03,San Marino,all,8,0,7,0,Local transmission
2020-03-03,Saudi Arabia,all,1,0,1,0,Imported cases only
2020-03-03,Senegal,all,1,0,1,0,Imported cases only
2020-03-03,Singapore,all,108,0,2,0,Local transmission
2020-03-03,South Korea,all,4812,28,600,6,Local transmission
2020-03-03,Spain,all,114,0,69,0,Local transmission
2020-03-03,Sri Lanka,all,1,0,0,0,Imported cases only
2020-03-03,Sweden,all,15,0,1,0,Local transmission
2020-03-03,Switzerland,all,30,0,6,0,Local transmission
2020-03-03,Thailand,all,43,1,1,0,Local transmission
2020-03-03,Tunisia,all,1,0,1,0,Imported cases only
2020-03-03,UK,all,39,0,3,0,Local transmission
2020-03-03,USA,all,64,2,2,2,Local transmission
2020-03-03,Vietnam,all,16,0,0,0,Local transmission
2020-03-04,Afghanistan,all,1,0,0,0,Imported cases only
2020-03-04,Algeria,all,5,0,0,0,Local transmission
2020-03-04,Andorra,all,1,0,0,0,Imported cases only
2020-03-04,Argentina,all,1,0,1,0,Imported cases only
2020-03-04,Armenia,all,1,0,0,0,Imported cases only
2020-03-04,Australia,all,43,1,10,0,Local transmission
2020-03-04,Austria,all,24,0,6,0,Imported cases only
2020-03-04,Azerbaijan,all,3,0,0,0,Imported cases only
2020-03-04,Bahrain,all,49,0,0,0,Imported cases only
2020-03-04,Belarus,all,1,0,0,0,Imported cases only
2020-03-04,Belgium,all,8,0,0,0,Imported cases only
2020-03-04,Brazil,all,2,0,0,0,Imported cases only
2020-03-04,Cambodia,all,1,0,0,0,Imported cases only
2020-03-04,Canada,all,30,0,3,0,Local transmission
2020-03-04,Chile,all,1,0,1,0,Imported cases only
2020-03-04,Croatia,all,9,0,1,0,Local transmission
2020-03-04,Czechia,all,5,0,2,0,Imported cases only
2020-03-04,Denmark,all,8,0,3,0,Local transmission
2020-03-04,Dominican Republic,all,1,0,0,0,Imported cases only
2020-03-04,Ecuador,all,7,0,1,0,Local transmission
2020-03-04,Egypt,all,2,0,0,0,Imported cases only
2020-03-04,Estonia,all,2,0,1,0,Imported cases only
2020-03-04,Finland,all,7,0,0,0,Local transmission
2020-03-04,France,all,212,4,21,1,Local transmission
2020-03-04,Georgia,all,3,0,0,0,Imported cases only
2020-03-04,Germany,all,196,0,39,0,Local transmission
2020-03-04,Greece,all,7,0,0,0,Local transmission
2020-03-04,Iceland,all,16,0,7,0,Imported cases only
2020-03-04,India,all,6,0,1,0,Imported cases only
2020-03-04,Indonesia,all,2,0,0,0,Local transmission
2020-03-04,Iran,all,2336,77,835,11,Local transmission
2020-03-04,Iraq,all,31,0,5,0,Imported cases only
2020-03-04,Ireland,all,2,0,1,0,Imported cases only
2020-03-04,Israel,all,12,0,2,0,Local transmission
2020-03-04,Italy,all,2502,80,466,28,Local transmission
2020-03-04,Japan,all,284,6,16,0,Local transmission
2020-03-04,Jordan,all,1,0,0,0,Imported cases only
2020-03-04,Kuwait,all,56,0,0,0,Imported cases only
2020-03-04,Latvia,all,1,0,0,0,Imported cases only
2020-03-04,Lebanon,all,13,0,0,0,Local transmission
2020-03-04,Lithuania,all,1,0,0,0,Imported cases only
2020-03-04,Luxembourg,all,1,0,0,0,Imported cases only
2020-03-04,Malaysia,all,50,0,21,0,Local transmission
2020-03-04,Mexico,all,5,0,0,0,Imported cases only
2020-03-04,Monaco,all,1,0,0,0,Under investigation
2020-03-04,Morocco,all,1,0,0,0,Imported cases only
2020-03-04,Nepal,all,1,0,0,0,Imported cases only
2020-03-04,Netherlands,all,28,0,10,0,Local transmission
2020-03-04,New Zealand,all,2,0,0,0,Imported cases only
2020-03-04,Nigeria,all,1,0,0,0,Imported cases only
2020-03-04,North Macedonia,all,1,0,0,0,Imported cases only
2020-03-04,Norway,all,32,0,7,0,Local transmission
2020-03-04,Oman,all,12,0,6,0,Imported cases only
2020-03-04,Pakistan,all,5,0,0,0,Imported cases only
2020-03-04,Philippines,all,3,1,0,0,Imported cases only
2020-03-04,Poland,all,1,0,1,0,Imported cases only
2020-03-04,Portugal,all,2,0,0,0,Imported cases only
2020-03-04,Qatar,all,8,0,1,0,Imported cases only
2020-03-04,Romania,all,4,0,1,0,Local transmission
2020-03-04,Russia,all,3,0,0,0,Imported cases only
2020-03-04,San Marino,all,8,0,0,0,Local transmission
2020-03-04,Saudi Arabia,all,1,0,0,0,Imported cases only
2020-03-04,Senegal,all,1,0,0,0,Imported cases only
2020-03-04,Singapore,all,110,0,2,0,Local transmission
2020-03-04,South Korea,all,5328,32,516,4,Local transmission
2020-03-04,Spain,all,151,0,37,0,Local transmission
2020-03-04,Sri Lanka,all,1,0,0,0,Imported cases only
2020-03-04,Sweden,all,24,0,9,0,Local transmission
2020-03-04,Switzerland,all,37,0,7,0,Local transmission
2020-03-04,Thailand,all,43,1,0,0,Local transmission
2020-03-04,Tunisia,all,1,0,0,0,Imported cases only
2020-03-04,UK,all,51,0,12,0,Local transmission
2020-03-04,Ukraine,all,1,0,1,0,Imported cases only
2020-03-04,United Arab Emirates,all,27,0,6,0,Local transmission
2020-03-04,USA,all,108,6,44,4,Local transmission
2020-03-04,Vietnam,all,16,0,0,0,Local transmission
2020-03-05,Afghanistan,all,1,0,0,0,Imported cases only
2020-03-05,Algeria,all,12,0,7,0,Local transmission
2020-03-05,Andorra,all,1,0,0,0,Imported cases only
2020-03-05,Argentina,all,1,0,0,0,Imported cases only
2020-03-05,Armenia,all,1,0,0,0,Imported cases only
2020-03-05,Australia,all,66,3,23,2,Local transmission
2020-03-05,Austria,all,37,0,13,0,Imported cases only
2020-03-05,Azerbaijan,all,3,0,0,0,Imported cases only
2020-03-05,Bahrain,all,49,0,0,0,Imported cases only
2020-03-05,Belarus,all,6,0,5,0,Local transmission
2020-03-05,Belgium,all,23,0,15,0,Local transmission
2020-03-05,Bosnia and Herzegovina,all,2,0,2,0,Local transmission
2020-03-05,Brazil,all,3,0,1,0,Imported cases only
2020-03-05,Cambodia,all,1,0,0,0,Imported cases only
2020-03-05,Canada,all,30,0,0,0,Local transmission
2020-03-05,Chile,all,1,0,0,0,Imported cases only
2020-03-05,Croatia,all,9,0,0,0,Local transmission
2020-03-05,Czechia,all,5,0,0,0,Imported cases only
2020-03-05,Denmark,all,10,0,2,0,Local transmission
2020-03-05,Dominican Republic,all,1,0,0,0,Imported cases only
2020-03-05,Ecuador,all,7,0,0,0,Local transmission
2020-03-05,Egypt,all,2,0,0,0,Imported cases only
2020-03-05,Estonia,all,2,0,0,0,Imported cases only
2020-03-05,Finland,all,7,0,0,0,Local transmission
2020-03-05,France,all,282,4,73,0,Local transmission
2020-03-05,Georgia,all,3,0,0,0,Imported cases only
2020-03-05,Germany,all,262,0,66,0,Local transmission
2020-03-05,Gibraltar,all,1,0,0,0,Imported cases only
2020-03-05,Greece,all,9,0,2,0,Local transmission
2020-03-05,Hungary,all,2,0,2,0,Imported cases only
2020-03-05,Iceland,all,26,0,10,0,Imported cases only
2020-03-05,India,all,29,0,23,0,Local transmission
2020-03-05,Indonesia,all,2,0,0,0,Local transmission
2020-03-05,Iran,all,2922,92,586,15,Local transmission
2020-03-05,Iraq,all,36,2,5,2,Imported cases only
2020-03-05,Ireland,all,2,0,0,0,Imported cases only
2020-03-05,Israel,all,15,0,3,0,Local transmission
2020-03-05,Italy,all,3089,107,587,27,Local transmission
2020-03-05,Japan,all,317,6,33,0,Local transmission
2020-03-05,Jordan,all,1,0,0,0,Imported cases only
2020-03-05,Kuwait,all,58,0,2,0,Imported cases only
2020-03-05,Latvia,all,1,0,0,0,Imported cases only
2020-03-05,Lebanon,all,13,0,0,0,Local transmission
2020-03-05,Liechtenstein,all,1,0,0,0,Imported cases only
2020-03-05,Lithuania,all,1,0,0,0,Imported cases only
2020-03-05,Luxembourg,all,1,0,0,0,Imported cases only
2020-03-05,Malaysia,all,50,0,0,0,Local transmission
2020-03-05,Mexico,all,5,0,0,0,Imported cases only
2020-03-05,Monaco,all,1,0,0,0,Under investigation
2020-03-05,Morocco,all,2,0,1,0,Imported cases only
2020-03-05,Nepal,all,1,0,0,0,Imported cases only
2020-03-05,Netherlands,all,38,0,10,0,Local transmission
2020-03-05,New Zealand,all,2,0,0,0,Imported cases only
2020-03-05,Nigeria,all,1,0,0,0,Imported cases only
2020-03-05,North Macedonia,all,1,0,0,0,Imported cases only
2020-03-05,Norway,all,56,0,23,0,Local transmission
2020-03-05,Oman,all,15,0,3,0,Imported cases only
2020-03-05,Pakistan,all,5,0,0,0,Imported cases only
2020-03-05,Palestine,all,4,0,4,0,Imported cases only
2020-03-05,Philippines,all,3,1,0,0,Imported cases only
2020-03-05,Poland,all,1,0,0,0,Imported cases only
2020-03-05,Portugal,all,7,0,5,0,Local transmission
2020-03-05,Qatar,all,8,0,0,0,Imported cases only
2020-03-05,Romania,all,4,0,0,0,Local transmission
2020-03-05,Russia,all,3,0,0,0,Imported cases only
2020-03-05,Saint Barthélemy,all,1,0,0,0,Under investigation
2020-03-05,Saint Martin,all,2,0,0,0,Under investigation
2020-03-05,San Marino,all,16,0,8,0,Local transmission
2020-03-05,Saudi Arabia,all,2,0,1,0,Imported cases only
2020-03-05,Senegal,all,4,0,3,0,Imported cases only
2020-03-05,Singapore,all,110,0,0,0,Local transmission
2020-03-05,Slovenia,all,1,0,1,0,Imported cases only
2020-03-05,South Korea,all,5766,35,438,3,Local transmission
2020-03-05,Spain,all,198,1,47,1,Local transmission
2020-03-05,Sri Lanka,all,1,0,0,0,Imported cases only
2020-03-05,Sweden,all,35,0,11,0,Local transmission
2020-03-05,Switzerland,all,56,0,20,0,Local transmission
2020-03-05,Thailand,all,47,1,4,0,Local transmission
2020-03-05,Tunisia,all,1,0,0,0,Imported cases only
2020-03-05,UK,all,89,0,38,0,Local transmission
2020-03-05,Ukraine,all,1,0,0,0,Imported cases only
2020-03-05,United Arab Emirates,all,27,0,0,0,Local transmission
2020-03-05,USA,all,129,9,21,3,Local transmission
2020-03-05,Vietnam,all,16,0,0,0,Local transmission
2020-03-06,Afghanistan,all,1,0,0,0,Imported cases only
2020-03-06,Algeria,all,12,0,0,0,Local transmission
2020-03-06,Andorra,all,1,0,0,0,Imported cases only
2020-03-06,Argentina,all,1,0,0,0,Imported cases only
2020-03-06,Armenia,all,1,0,0,0,Imported cases only
2020-03-06,Australia,all,66,3,0,0,Local transmission
2020-03-06,Austria,all,47,0,10,0,Imported cases only
2020-03-06,Azerbaijan,all,3,0,0,0,Imported cases only
2020-03-06,Bahrain,all,49,0,0,0,Imported cases only
2020-03-06,Belarus,all,6,0,0,0,Local transmission
2020-03-06,Belgium,all,50,0,27,0,Local transmission
2020-03-06,Bhutan,all,1,0,1,0,Imported cases only
2020-03-06,Bosnia and Herzegovina,all,2,0,0,0,Local transmission
2020-03-06,Brazil,all,7,0,4,0,Imported cases only
2020-03-06,Cambodia,all,1,0,0,0,Imported cases only
2020-03-06,Cameroon,all,1,0,1,0,Imported cases only
2020-03-06,Canada,all,45,0,15,0,Local transmission
2020-03-06,Chile,all,1,0,0,0,Imported cases only
2020-03-06,Croatia,all,10,0,1,0,Local transmission
2020-03-06,Czechia,all,12,0,7,0,Local transmission
2020-03-06,Denmark,all,18,0,8,0,Local transmission
2020-03-06,Ecuador,all,13,0,6,0,Local transmission
2020-03-06,Egypt,all,3,0,1,0,Imported cases only
2020-03-06,Estonia,all,3,0,1,0,Imported cases only
2020-03-06,Finland,all,12,0,5,0,Local transmission
2020-03-06,France,all,420,6,138,2,Local transmission
2020-03-06,Georgia,all,9,0,6,0,Imported cases only
2020-03-06,Germany,all,534,0,272,0,Local transmission
2020-03-06,Gibraltar,all,1,0,0,0,Under investigation
2020-03-06,Greece,all,32,0,23,0,Local transmission
2020-03-06,Hungary,all,2,0,0,0,Imported cases only
2020-03-06,Iceland,all,26,0,0,0,Imported cases only
2020-03-06,India,all,30,0,1,0,Local transmission
2020-03-06,Indonesia,all,2,0,0,0,Local transmission
2020-03-06,Iran,all,3513,107,591,15,Local transmission
2020-03-06,Iraq,all,36,2,0,0,Imported cases only
2020-03-06,Ireland,all,14,0,12,0,Local transmission
2020-03-06,Israel,all,15,0,0,0,Local transmission
2020-03-06,Italy,all,3858,148,769,41,Local transmission
2020-03-06,Japan,all,349,6,32,0,Local transmission
2020-03-06,Jordan,all,1,0,0,0,Imported cases only
2020-03-06,Kuwait,all,58,0,0,0,Imported cases only
2020-03-06,Latvia,all,1,0,0,0,Imported cases only
2020-03-06,Lebanon,all,16,0,3,0,Local transmission
2020-03-06,Liechtenstein,all,1,0,0,0,Imported cases only
2020-03-06,Lithuania,all,1,0,0,0,Imported cases only
2020-03-06,Luxembourg,all,1,0,0,0,Imported cases only
2020-03-06,Malaysia,all,55,0,5,0,Local transmission
2020-03-06,Mexico,all,5,0,0,0,Imported cases only
2020-03-06,Monaco,all,1,0,0,0,Under investigation
2020-03-06,Morocco,all,2,0,0,0,Imported cases only
2020-03-06,Nepal,all,1,0,0,0,Imported cases only
2020-03-06,Netherlands,all,82,0,44,0,Local transmission
2020-03-06,New Zealand,all,4,0,2,0,Local transmission
2020-03-06,Nigeria,all,1,0,0,0,Imported cases only
2020-03-06,North Macedonia,all,1,0,0,0,Imported cases only
2020-03-06,Norway,all,86,0,30,0,Local transmission
2020-03-06,Oman,all,16,0,1,0,Imported cases only
2020-03-06,Pakistan,all,5,0,0,0,Imported cases only
2020-03-06,Palestine,all,7,0,0,0,Imported cases only
2020-03-06,Philippines,all,5,1,2,0,Local transmission
2020-03-06,Poland,all,1,0,0,0,Imported cases only
2020-03-06,Portugal,all,9,0,0,0,Local transmission
2020-03-06,Qatar,all,8,0,0,0,Imported cases only
2020-03-06,Romania,all,6,0,2,0,Local transmission
2020-03-06,Russia,all,4,0,1,0,Imported cases only
2020-03-06,Saint Martin,all,2,0,0,0,Under investigation
2020-03-06,San Marino,all,21,0,5,0,Local transmission
2020-03-06,Saudi Arabia,all,8,0,6,0,Imported cases only
2020-03-06,Senegal,all,4,0,0,0,Imported cases only
2020-03-06,Serbia,all,1,0,1,0,Under investigation
2020-03-06,Singapore,all,117,0,7,0,Local transmission
2020-03-06,Slovenia,all,6,0,5,0,Local transmission
2020-03-06,South Africa,all,1,0,1,0,Imported cases only
2020-03-06,South Korea,all,6284,42,518,7,Local transmission
2020-03-06,Spain,all,257,3,59,2,Local transmission
2020-03-06,Sri Lanka,all,1,0,0,0,Imported cases only
2020-03-06,Sweden,all,61,0,26,0,Local transmission
2020-03-06,Switzerland,all,86,1,30,1,Local transmission
2020-03-06,Thailand,all,47,1,0,0,Local transmission
2020-03-06,Tunisia,all,1,0,0,0,Imported cases only
2020-03-06,UK,all,118,0,29,0,Local transmission
2020-03-06,Ukraine,all,1,0,0,0,Imported cases only
2020-03-06,United Arab Emirates,all,27,0,0,0,Local transmission
2020-03-06,USA,all,148,10,19,1,Local transmission
2020-03-06,Vietnam,all,16,0,0,0,Local transmission
2020-03-07,Afghanistan,all,1,0,0,0,Imported cases only
2020-03-07,Algeria,all,17,0,5,0,Local transmission
2020-03-07,Andorra,all,1,0,0,0,Imported cases only
2020-03-07,Argentina,all,2,0,1,0,Imported cases only
2020-03-07,Armenia,all,1,0,0,0,Imported cases only
2020-03-07,Australia,all,66,3,5,0,Local transmission
2020-03-07,Austria,all,66,0,19,0,Imported cases only
2020-03-07,Azerbaijan,all,9,0,6,0,Imported cases only
2020-03-07,Bahrain,all,49,0,0,0,Imported cases only
2020-03-07,Belarus,all,6,0,0,0,Local transmission
2020-03-07,Belgium,all,109,0,59,0,Local transmission
2020-03-07,Bhutan,all,1,0,0,0,Imported cases only
2020-03-07,Bosnia and Herzegovina,all,2,0,0,0,Local transmission
2020-03-07,Brazil,all,13,0,6,0,Local transmission
2020-03-07,Cambodia,all,1,0,0,0,Imported cases only
2020-03-07,Cameroon,all,2,0,1,0,Local transmission
2020-03-07,Canada,all,51,0,6,0,Local transmission
2020-03-07,Chile,all,5,0,4,0,Imported cases only
2020-03-07,Colombia,all,1,0,1,0,Imported cases only
2020-03-07,Croatia,all,11,0,1,0,Local transmission
2020-03-07,Czechia,all,12,0,0,0,Local transmission
2020-03-07,Denmark,all,23,0,5,0,Local transmission
2020-03-07,Dominican Republic,all,1,0,0,0,Imported cases only
2020-03-07,Ecuador,all,14,0,1,0,Local transmission
2020-03-07,Egypt,all,3,0,0,0,Imported cases only
2020-03-07,Estonia,all,10,0,7,0,Imported cases only
2020-03-07,Finland,all,19,0,7,0,Local transmission
2020-03-07,France,all,613,9,193,3,Local transmission
2020-03-07,Georgia,all,9,0,0,0,Imported cases only
2020-03-07,Germany,all,639,0,105,0,Local transmission
2020-03-07,Greece,all,32,0,0,0,Local transmission
2020-03-07,Holy See,all,1,0,1,0,Under investigation
2020-03-07,Hungary,all,5,0,3,0,Imported cases only
2020-03-07,Iceland,all,45,0,19,0,Local transmission
2020-03-07,India,all,31,0,1,0,Local transmission
2020-03-07,Indonesia,all,2,0,0,0,Local transmission
2020-03-07,Iran,all,4747,124,1234,17,Local transmission
2020-03-07,Iraq,all,44,4,8,2,Imported cases only
2020-03-07,Ireland,all,18,0,4,0,Local transmission
2020-03-07,Israel,all,19,0,4,0,Local transmission
2020-03-07,Italy,all,4636,197,778,49,Local transmission
2020-03-07,Japan,all,408,6,59,0,Local transmission
2020-03-07,Jordan,all,1,0,0,0,Imported cases only
2020-03-07,Kuwait,all,58,0,0,0,Imported cases only
2020-03-07,Latvia,all,1,0,0,0,Imported cases only
2020-03-07,Lebanon,all,22,0,6,0,Local transmission
2020-03-07,Liechtenstein,all,1,0,0,0,Imported cases only
2020-03-07,Lithuania,all,1,0,0,0,Imported cases only
2020-03-07,Luxembourg,all,2,0,1,0,Imported cases only
2020-03-07,Malaysia,all,83,0,28,0,Local transmission
2020-03-07,Mexico,all,5,0,0,0,Imported cases only
2020-03-07,Monaco,all,1,0,0,0,Under investigation
2020-03-07,Morocco,all,2,0,0,0,Imported cases only
2020-03-07,Nepal,all,1,0,0,0,Imported cases only
2020-03-07,Netherlands,all,128,1,46,1,Local transmission
2020-03-07,New Zealand,all,5,0,1,0,Local transmission
2020-03-07,Nigeria,all,1,0,0,0,Imported cases only
2020-03-07,North Macedonia,all,3,0,2,0,Imported cases only
2020-03-07,Norway,all,113,0,27,0,Local transmission
2020-03-07,Oman,all,16,0,0,0,Imported cases only
2020-03-07,Pakistan,all,5,0,0,0,Imported cases only
2020-03-07,Palestine,all,16,0,9,0,Local transmission
2020-03-07,Peru,all,1,0,1,0,Imported cases only
2020-03-07,Philippines,all,5,1,0,0,Local transmission
2020-03-07,Poland,all,5,0,4,0,Imported cases only
2020-03-07,Portugal,all,13,0,4,0,Local transmission
2020-03-07,Qatar,all,11,0,3,0,Imported cases only
2020-03-07,Romania,all,7,0,1,0,Local transmission
2020-03-07,Russia,all,7,0,3,0,Imported cases only
2020-03-07,Saint Barthélemy,all,1,0,0,0,Under investigation
2020-03-07,Saint Martin,all,2,0,0,0,Under investigation
2020-03-07,San Marino,all,24,0,3,0,Local transmission
2020-03-07,Saudi Arabia,all,8,0,0,0,Imported cases only
2020-03-07,Senegal,all,4,0,0,0,Imported cases only
2020-03-07,Serbia,all,1,0,0,0,Under investigation
2020-03-07,Singapore,all,130,0,13,0,Local transmission
2020-03-07,Slovakia,all,1,0,1,0,Local transmission
2020-03-07,Slovenia,all,9,0,3,0,Local transmission
2020-03-07,South Africa,all,1,0,0,0,Imported cases only
2020-03-07,South Korea,all,6767,44,483,2,Local transmission
2020-03-07,Spain,all,374,5,117,2,Local transmission
2020-03-07,Sweden,all,137,0,76,0,Local transmission
2020-03-07,Switzerland,all,209,1,123,0,Local transmission
2020-03-07,Thailand,all,48,1,1,0,Local transmission
2020-03-07,Togo,all,1,0,1,0,Imported cases only
2020-03-07,UK,all,167,1,49,1,Local transmission
2020-03-07,United Arab Emirates,all,45,0,18,0,Local transmission
2020-03-07,USA,all,213,11,65,1,Local transmission
2020-03-07,Vietnam,all,17,0,1,0,Local transmission
2020-03-08,Afghanistan,all,4,0,3,0,Imported cases only
2020-03-08,Algeria,all,17,0,0,0,Local transmission
2020-03-08,Andorra,all,1,0,0,0,Imported cases only
2020-03-08,Argentina,all,9,1,7,1,Imported cases only
2020-03-08,Armenia,all,1,0,0,0,Imported cases only
2020-03-08,Australia,all,74,3,12,1,Local transmission
2020-03-08,Austria,all,104,0,38,0,Local transmission
2020-03-08,Azerbaijan,all,9,0,0,0,Imported cases only
2020-03-08,Bahrain,all,56,0,7,0,Imported cases only
2020-03-08,Belarus,all,6,0,0,0,Local transmission
2020-03-08,Belgium,all,169,0,60,0,Local transmission
2020-03-08,Bhutan,all,1,0,0,0,Imported cases only
2020-03-08,Bosnia and Herzegovina,all,2,0,0,0,Local transmission
2020-03-08,Brazil,all,19,0,6,0,Local transmission
2020-03-08,Bulgaria,all,2,0,2,0,Local transmission
2020-03-08,Cambodia,all,2,0,1,0,Local transmission
2020-03-08,Cameroon,all,2,0,0,0,Local transmission
2020-03-08,Canada,all,57,0,6,0,Local transmission
2020-03-08,Chile,all,5,0,0,0,Imported cases only
2020-03-08,Colombia,all,1,0,0,0,Imported cases only
2020-03-08,Costa Rica,all,5,0,5,0,Imported cases only
2020-03-08,Croatia,all,11,0,0,0,Local transmission
2020-03-08,Czechia,all,26,0,14,0,Local transmission
2020-03-08,Denmark,all,31,0,8,0,Local transmission
2020-03-08,Dominican Republic,all,1,0,0,0,Imported cases only
2020-03-08,Ecuador,all,14,0,0,0,Local transmission
2020-03-08,Egypt,all,48,0,45,0,Local transmissionâ â 
2020-03-08,Estonia,all,10,0,0,0,Imported cases only
2020-03-08,Faroe Islands,all,1,0,0,0,Imported cases only
2020-03-08,Finland,all,19,0,0,0,Local transmission
2020-03-08,France,all,706,10,93,1,Local transmission
2020-03-08,French Guiana,all,5,0,5,0,Imported cases only
2020-03-08,Georgia,all,12,0,3,0,Imported cases only
2020-03-08,Germany,all,795,0,156,0,Local transmission
2020-03-08,Gibraltar,all,1,0,0,0,Under investigation
2020-03-08,Greece,all,66,0,34,0,Local transmission
2020-03-08,Holy See,all,1,0,0,0,Under investigation
2020-03-08,Hungary,all,7,0,3,0,Local transmission
2020-03-08,Iceland,all,45,0,0,0,Local transmission
2020-03-08,India,all,34,0,3,0,Local transmission
2020-03-08,Indonesia,all,4,0,0,0,Local transmission
2020-03-08,Iran,all,5823,145,1076,21,Local transmission
2020-03-08,Iraq,all,54,4,10,0,Imported cases only
2020-03-08,Ireland,all,19,0,1,0,Local transmission
2020-03-08,Israel,all,25,0,6,0,Local transmission
2020-03-08,Italy,all,5883,234,1247,37,Local transmission
2020-03-08,Japan,all,455,6,48,0,Local transmission
2020-03-08,Jordan,all,1,0,0,0,Imported cases only
2020-03-08,Kuwait,all,62,0,4,0,Imported cases only
2020-03-08,Latvia,all,1,0,0,0,Imported cases only
2020-03-08,Lebanon,all,28,0,6,0,Local transmission
2020-03-08,Liechtenstein,all,1,0,0,0,Imported cases only
2020-03-08,Lithuania,all,1,0,0,0,Imported cases only
2020-03-08,Luxembourg,all,2,0,0,0,Imported cases only
2020-03-08,Malaysia,all,93,0,10,0,Local transmission
2020-03-08,Maldives,all,2,0,2,0,Local transmission
2020-03-08,Malta,all,3,0,3,0,Imported cases only
2020-03-08,Martinique,all,2,0,2,0,Imported cases only
2020-03-08,Mexico,all,7,0,2,0,Imported cases only
2020-03-08,Monaco,all,1,0,0,0,Under investigation
2020-03-08,Morocco,all,2,0,0,0,Imported cases only
2020-03-08,Nepal,all,1,0,0,0,Imported cases only
2020-03-08,Netherlands,all,188,1,60,0,Local transmission
2020-03-08,New Zealand,all,5,0,0,0,Local transmission
2020-03-08,Nigeria,all,1,0,0,0,Imported cases only
2020-03-08,North Macedonia,all,3,0,0,0,Imported cases only
2020-03-08,Norway,all,147,0,34,0,Local transmission
2020-03-08,Oman,all,16,0,0,0,Imported cases only
2020-03-08,Pakistan,all,5,0,0,0,Imported cases only
2020-03-08,Palestine,all,16,0,0,0,Local transmission
2020-03-08,Peru,all,6,0,0,0,Local transmission
2020-03-08,Philippines,all,6,1,1,0,Local transmission
2020-03-08,Poland,all,6,0,1,0,Imported cases only
2020-03-08,Portugal,all,21,0,8,0,Local transmission
2020-03-08,Qatar,all,12,0,1,0,Imported cases only
2020-03-08,Republic of Moldova,all,1,0,1,0,Imported cases only
2020-03-08,Romania,all,13,0,6,0,Local transmission
2020-03-08,Russia,all,7,0,0,0,Imported cases only
2020-03-08,Saint Barthélemy,all,1,0,0,0,Under investigation
2020-03-08,Saint Martin,all,2,0,0,0,Under investigation
2020-03-08,San Marino,all,27,1,3,1,Local transmission
2020-03-08,Saudi Arabia,all,9,0,2,0,Imported cases only
2020-03-08,Senegal,all,4,0,0,0,Imported cases only
2020-03-08,Serbia,all,1,0,0,0,Under investigation
2020-03-08,Singapore,all,138,0,8,0,Local transmission
2020-03-08,Slovakia,all,3,0,2,0,Local transmission
2020-03-08,Slovenia,all,12,0,3,0,Local transmission
2020-03-08,South Africa,all,2,0,1,0,Imported cases only
2020-03-08,South Korea,all,7134,50,367,6,Local transmission
2020-03-08,Spain,all,430,5,56,0,Local transmission
2020-03-08,Sweden,all,161,0,24,0,Local transmission
2020-03-08,Switzerland,all,264,2,55,1,Local transmission
2020-03-08,Thailand,all,50,1,2,0,Local transmission
2020-03-08,Togo,all,1,0,0,0,Imported cases only
2020-03-08,Tunisia,all,1,0,0,0,Imported cases only
2020-03-08,UK,all,210,2,43,1,Local transmission
2020-03-08,Ukraine,all,1,0,0,0,Imported cases only
2020-03-08,United Arab Emirates,all,45,0,0,0,Local transmission
2020-03-08,USA,all,213,11,0,0,Local transmission
2020-03-08,Vietnam,all,21,0,4,0,Local transmission
2020-03-09,Afghanistan,all,4,0,0,0,Imported cases only
2020-03-09,Albania,all,2,0,2,0,Imported cases only
2020-03-09,Algeria,all,20,0,3,0,Local transmission
2020-03-09,Andorra,all,1,0,0,0,Imported cases only
2020-03-09,Argentina,all,12,1,3,0,Imported cases only
2020-03-09,Armenia,all,1,0,0,0,Imported cases only
2020-03-09,Australia,all,77,3,3,0,Local transmission
2020-03-09,Austria,all,112,0,10,0,Local transmission
2020-03-09,Azerbaijan,all,9,0,0,0,Imported cases only
2020-03-09,Bahrain,all,79,0,23,0,Local transmission
2020-03-09,Bangladesh,all,3,0,3,0,Local transmission
2020-03-09,Belarus,all,6,0,0,0,Local transmission
2020-03-09,Belgium,all,200,0,31,0,Local transmission
2020-03-09,Bhutan,all,1,0,0,0,Imported cases only
2020-03-09,Bosnia and Herzegovina,all,2,0,0,0,Local transmission
2020-03-09,Brazil,all,25,0,6,0,Local transmission
2020-03-09,Bulgaria,all,4,0,2,0,Local transmission
2020-03-09,Cambodia,all,2,0,0,0,Local transmission
2020-03-09,Cameroon,all,2,0,0,0,Local transmission
2020-03-09,Canada,all,62,0,5,0,Local transmission
2020-03-09,Chile,all,10,0,5,0,Local transmission
2020-03-09,Colombia,all,1,0,0,0,Imported cases only
2020-03-09,Costa Rica,all,9,0,4,0,Local transmission
2020-03-09,Croatia,all,11,0,0,0,Local transmission
2020-03-09,Czechia,all,32,0,6,0,Local transmission
2020-03-09,Denmark,all,36,0,5,0,Local transmission
2020-03-09,Dominican Republic,all,1,0,0,0,Imported cases only
2020-03-09,Ecuador,all,15,0,1,0,Local transmission
2020-03-09,Egypt,all,55,1,7,1,Local transmission
2020-03-09,Estonia,all,10,0,0,0,Imported cases only
2020-03-09,Faroe Islands,all,2,0,1,0,Imported cases only
2020-03-09,Finland,all,30,0,11,0,Local transmission
2020-03-09,France,all,1116,19,410,9,Local transmission
2020-03-09,French Guiana,all,5,0,0,0,Imported cases only
2020-03-09,Georgia,all,13,0,1,0,Imported cases only
2020-03-09,Germany,all,1112,0,317,0,Local transmission
2020-03-09,Gibraltar,all,1,0,0,0,Under investigation
2020-03-09,Greece,all,73,0,7,0,Local transmission
2020-03-09,Holy See,all,1,0,0,0,Under investigation
2020-03-09,Hungary,all,9,0,2,0,Local transmission
2020-03-09,Iceland,all,55,0,10,0,Local transmission
2020-03-09,India,all,43,0,9,0,Local transmission
2020-03-09,Indonesia,all,6,0,2,0,Local transmission
2020-03-09,Iran,all,6566,194,743,49,Local transmission
2020-03-09,Iraq,all,60,6,6,2,Local transmission
2020-03-09,Ireland,all,21,0,2,0,Local transmission
2020-03-09,Israel,all,39,0,14,0,Local transmission
2020-03-09,Italy,all,7375,366,1492,132,Local transmission
2020-03-09,Japan,all,488,7,33,1,Local transmission
2020-03-09,Jordan,all,1,0,0,0,Imported cases only
2020-03-09,Kuwait,all,64,0,2,0,Imported cases only
2020-03-09,Latvia,all,3,0,2,0,Imported cases only
2020-03-09,Lebanon,all,32,0,4,0,Local transmission
2020-03-09,Liechtenstein,all,1,0,0,0,Imported cases only
2020-03-09,Lithuania,all,1,0,0,0,Imported cases only
2020-03-09,Luxembourg,all,2,0,0,0,Imported cases only
2020-03-09,Malaysia,all,93,0,0,0,Local transmission
2020-03-09,Maldives,all,4,0,2,0,Local transmission
2020-03-09,Malta,all,3,0,0,0,Imported cases only
2020-03-09,Martinique,all,2,0,0,0,Imported cases only
2020-03-09,Mexico,all,7,0,0,0,Imported cases only
2020-03-09,Monaco,all,1,0,0,0,Under investigation
2020-03-09,Morocco,all,2,0,0,0,Imported cases only
2020-03-09,Nepal,all,1,0,0,0,Imported cases only
2020-03-09,Netherlands,all,265,3,77,2,Local transmission
2020-03-09,New Zealand,all,5,0,0,0,Local transmission
2020-03-09,Nigeria,all,2,0,1,0,Imported cases only
2020-03-09,North Macedonia,all,3,0,0,0,Imported cases only
2020-03-09,Norway,all,169,0,22,0,Local transmission
2020-03-09,Oman,all,16,0,0,0,Imported cases only
2020-03-09,Pakistan,all,6,0,1,0,Imported cases only
2020-03-09,Palestine,all,19,0,3,0,Local transmission
2020-03-09,Paraguay,all,1,0,1,0,Imported cases only
2020-03-09,Peru,all,6,0,0,0,Local transmission
2020-03-09,Philippines,all,10,1,4,0,Local transmission
2020-03-09,Poland,all,11,0,5,0,Imported cases only
2020-03-09,Portugal,all,30,0,9,0,Local transmission
2020-03-09,Qatar,all,15,0,3,0,Imported cases only
2020-03-09,Republic of Moldova,all,1,0,0,0,Imported cases only
2020-03-09,Romania,all,15,0,2,0,Local transmission
2020-03-09,Russia,all,7,0,0,0,Imported cases only
2020-03-09,Saint Barthelemy,all,1,0,0,0,Under investigation
2020-03-09,Saint Martin,all,2,0,0,0,Under investigation
2020-03-09,San Marino,all,37,1,10,0,Local transmission
2020-03-09,Saudi Arabia,all,15,0,8,0,Imported cases only
2020-03-09,Senegal,all,4,0,0,0,Imported cases only
2020-03-09,Serbia,all,1,0,0,0,Under investigation
2020-03-09,Singapore,all,150,0,12,0,Local transmission
2020-03-09,Slovakia,all,5,0,2,0,Local transmission
2020-03-09,Slovenia,all,16,0,4,0,Local transmission
2020-03-09,South Africa,all,3,0,1,0,Imported cases only
2020-03-09,South Korea,all,7382,51,248,1,Local transmission
2020-03-09,Spain,all,589,10,159,5,Local transmission
2020-03-09,Sri Lanka,all,1,0,0,0,Imported cases only
2020-03-09,Sweden,all,203,0,42,0,Local transmission
2020-03-09,Switzerland,all,332,2,68,0,Local transmission
2020-03-09,Thailand,all,50,1,0,0,Local transmission
2020-03-09,Togo,all,1,0,0,0,Imported cases only
2020-03-09,Tunisia,all,2,0,1,0,Imported cases only
2020-03-09,UK,all,277,2,67,0,Local transmission
2020-03-09,Ukraine,all,1,0,0,0,Imported cases only
2020-03-09,United Arab Emirates,all,45,0,0,0,Local transmission
2020-03-09,USA,all,213,11,0,0,Local transmission
2020-03-09,Vietnam,all,30,0,9,0,Local transmission
2020-03-10,Afghanistan,all,4,0,0,0,Imported cases only
2020-03-10,Albania,all,2,0,0,0,Imported cases only
2020-03-10,Algeria,all,20,0,0,0,Local transmission
2020-03-10,Andorra,all,1,0,0,0,Imported cases only
2020-03-10,Argentina,all,12,1,0,0,Imported cases only
2020-03-10,Armenia,all,1,0,0,0,Imported cases only
2020-03-10,Australia,all,92,3,15,0,Local transmission
2020-03-10,Austria,all,131,0,19,0,Local transmission
2020-03-10,Azerbaijan,all,9,0,0,0,Imported cases only
2020-03-10,Bahrain,all,109,0,30,0,Local transmission
2020-03-10,Bangladesh,all,3,0,0,0,Local transmission
2020-03-10,Belarus,all,6,0,0,0,Local transmission
2020-03-10,Belgium,all,239,0,39,0,Local transmission
2020-03-10,Bhutan,all,1,0,0,0,Imported cases only
2020-03-10,Bosnia and Herzegovina,all,2,0,0,0,Local transmission
2020-03-10,Brazil,all,25,0,0,0,Local transmission
2020-03-10,Brunei Darussalam,all,1,0,1,0,Imported cases only
2020-03-10,Bulgaria,all,4,0,0,0,Local transmission
2020-03-10,Cambodia,all,2,0,0,0,Local transmission
2020-03-10,Cameroon,all,2,0,0,0,Local transmission
2020-03-10,Canada,all,77,0,15,0,Local transmission
2020-03-10,Chile,all,13,0,3,0,Local transmission
2020-03-10,Colombia,all,3,0,2,0,Imported cases only
2020-03-10,Costa Rica,all,9,0,0,0,Local transmission
2020-03-10,Croatia,all,12,0,1,0,Local transmission
2020-03-10,Cyprus,all,2,0,2,0,Imported cases only
2020-03-10,Czechia,all,38,0,6,0,Local transmission
2020-03-10,Denmark,all,90,0,54,0,Local transmission
2020-03-10,Dominican Republic,all,5,0,4,0,Imported cases only
2020-03-10,Ecuador,all,15,0,0,0,Local transmission
2020-03-10,Egypt,all,59,1,4,0,Local transmission
2020-03-10,Estonia,all,10,0,0,0,Imported cases only
2020-03-10,Faroe Islands,all,2,0,0,0,Imported cases only
2020-03-10,Finland,all,40,0,10,0,Local transmission
2020-03-10,France,all,1402,30,286,11,Local transmission
2020-03-10,French Guiana,all,5,0,0,0,Imported cases only
2020-03-10,Georgia,all,15,0,2,0,Imported cases only
2020-03-10,Germany,all,1139,2,27,2,Local transmission
2020-03-10,Gibraltar,all,1,0,0,0,Under investigation
2020-03-10,Greece,all,73,0,0,0,Local transmission
2020-03-10,Guernsey,all,1,0,1,0,Imported cases only
2020-03-10,Holy See,all,1,0,0,0,Under investigation
2020-03-10,Hungary,all,9,0,0,0,Local transmission
2020-03-10,Iceland,all,55,0,0,0,Local transmission
2020-03-10,India,all,44,0,1,0,Local transmission
2020-03-10,Indonesia,all,19,0,13,0,Local transmission
2020-03-10,Iran,all,7161,237,595,43,Local transmission
2020-03-10,Iraq,all,61,6,1,0,Local transmission
2020-03-10,Ireland,all,24,0,3,0,Local transmission
2020-03-10,Israel,all,39,0,0,0,Local transmission
2020-03-10,Italy,all,9172,463,1797,97,Local transmission
2020-03-10,Japan,all,514,9,26,2,Local transmission
2020-03-10,Jordan,all,1,0,0,0,Imported cases only
2020-03-10,Kuwait,all,65,0,1,0,Imported cases only
2020-03-10,Latvia,all,6,0,3,0,Imported cases only
2020-03-10,Lebanon,all,41,0,9,0,Local transmission
2020-03-10,Liechtenstein,all,1,0,0,0,Imported cases only
2020-03-10,Lithuania,all,1,0,0,0,Imported cases only
2020-03-10,Luxembourg,all,5,0,3,0,Imported cases only
2020-03-10,Malaysia,all,117,0,24,0,Local transmission
2020-03-10,Maldives,all,4,0,0,0,Local transmission
2020-03-10,Malta,all,4,0,1,0,Imported cases only
2020-03-10,Martinique,all,2,0,0,0,Imported cases only
2020-03-10,Mexico,all,7,0,0,0,Imported cases only
2020-03-10,Monaco,all,1,0,0,0,Under investigation
2020-03-10,Mongolia,all,1,0,1,0,Imported cases only
2020-03-10,Morocco,all,2,0,0,0,Imported cases only
2020-03-10,Nepal,all,1,0,0,0,Imported cases only
2020-03-10,Netherlands,all,321,3,56,0,Local transmission
2020-03-10,New Zealand,all,5,0,0,0,Local transmission
2020-03-10,Nigeria,all,2,0,0,0,Imported cases only
2020-03-10,North Macedonia,all,7,0,4,0,Local transmission
2020-03-10,Norway,all,192,0,23,0,Local transmission
2020-03-10,Oman,all,18,0,2,0,Imported cases only
2020-03-10,Pakistan,all,16,0,10,0,Local transmission
2020-03-10,Palestine,all,26,0,7,0,Local transmission
2020-03-10,Panama,all,1,0,1,0,Imported cases only
2020-03-10,Paraguay,all,1,0,0,0,Imported cases only
2020-03-10,Peru,all,9,0,3,0,Local transmission
2020-03-10,Philippines,all,33,1,23,0,Local transmission
2020-03-10,Poland,all,16,0,5,0,Local transmission
2020-03-10,Portugal,all,30,0,0,0,Local transmission
2020-03-10,Qatar,all,18,0,3,0,Imported cases only
2020-03-10,Republic of Moldova,all,1,0,0,0,Imported cases only
2020-03-10,Romania,all,15,0,0,0,Local transmission
2020-03-10,Russia,all,7,0,0,0,Imported cases only
2020-03-10,Saint Barthelemy,all,1,0,0,0,Under investigation
2020-03-10,Saint Martin,all,2,0,0,0,Under investigation
2020-03-10,San Marino,all,49,2,12,1,Local transmission
2020-03-10,Saudi Arabia,all,15,0,0,0,Imported cases only
2020-03-10,Senegal,all,4,0,0,0,Imported cases only
2020-03-10,Serbia,all,1,0,0,0,Under investigation
2020-03-10,Singapore,all,160,0,10,0,Local transmission
2020-03-10,Slovakia,all,7,0,2,0,Local transmission
2020-03-10,Slovenia,all,23,0,7,0,Local transmission
2020-03-10,South Africa,all,7,0,4,0,Imported cases only
2020-03-10,South Korea,all,7513,54,131,3,Local transmission
2020-03-10,Spain,all,1024,28,435,18,Local transmission
2020-03-10,Sri Lanka,all,1,0,0,0,Imported cases only
2020-03-10,Sweden,all,248,0,45,0,Local transmission
2020-03-10,Switzerland,all,332,2,0,0,Local transmission
2020-03-10,Thailand,all,53,1,3,0,Local transmission
2020-03-10,Togo,all,1,0,0,0,Imported cases only
2020-03-10,Tunisia,all,2,0,0,0,Imported cases only
2020-03-10,UK,all,323,3,46,1,Local transmission
2020-03-10,United Arab Emirates,all,59,0,14,0,Local transmission
2020-03-10,USA,all,472,19,259,8,Local transmission
2020-03-10,Vietnam,all,31,0,1,0,Local transmission
